# The Great Editor v0.0.1
mtllib wall_1.mtl
o walls
v 5.2140 23.0834 0.000
v 5.2140 23.0834 2.5000
v 44.1796 23.0834 0.000
v 44.1796 23.0834 2.5000
v 44.1796 22.9834 0.000
v 44.1796 22.9834 2.5000
v 5.2140 22.9834 0.000
v 5.2140 22.9834 2.5000
v 44.1796 23.0834 0.000
v 44.1796 23.0834 2.5000
v 44.1796 14.4094 0.000
v 44.1796 14.4094 2.5000
v 44.0796 14.4094 0.000
v 44.0796 14.4094 2.5000
v 44.0796 23.0834 0.000
v 44.0796 23.0834 2.5000
v 44.0796 14.5094 0.000
v 44.0796 14.5094 2.5000
v 44.3923 14.5094 0.000
v 44.3923 14.5094 2.5000
v 44.3923 14.4094 0.000
v 44.3923 14.4094 2.5000
v 44.0796 14.4094 0.000
v 44.0796 14.4094 2.5000
v 44.3923 14.5094 0.000
v 44.3923 14.5094 2.5000
v 44.3923 6.3652 0.000
v 44.3923 6.3652 2.5000
v 44.2923 6.3652 0.000
v 44.2923 6.3652 2.5000
v 44.2923 14.5094 0.000
v 44.2923 14.5094 2.5000
v 44.2923 6.4652 0.000
v 44.2923 6.4652 2.5000
v 44.6364 6.4652 0.000
v 44.6364 6.4652 2.5000
v 44.6364 6.3652 0.000
v 44.6364 6.3652 2.5000
v 44.2923 6.3652 0.000
v 44.2923 6.3652 2.5000
v 44.6364 6.4652 0.000
v 44.6364 6.4652 2.5000
v 44.6364 0.0218 0.000
v 44.6364 0.0218 2.5000
v 44.5364 0.0218 0.000
v 44.5364 0.0218 2.5000
v 44.5364 6.4652 0.000
v 44.5364 6.4652 2.5000
v 0.0060 7.0398 0.000
v 0.0060 7.0398 2.5000
v 1.6666 11.7779 0.000
v 1.6666 11.7779 2.5000
v 1.7609 11.7448 0.000
v 1.7609 11.7448 2.5000
v 0.1003 7.0067 0.000
v 0.1003 7.0067 2.5000
v 1.6632 11.7761 0.000
v 1.6632 11.7761 2.5000
v 2.7398 11.4631 0.000
v 2.7398 11.4631 2.5000
v 2.7119 11.3671 0.000
v 2.7119 11.3671 2.5000
v 1.6352 11.6801 0.000
v 1.6352 11.6801 2.5000
v 2.7414 11.4600 0.000
v 2.7414 11.4600 2.5000
v 1.3063 7.3062 0.000
v 1.3063 7.3062 2.5000
v 1.2118 7.3389 0.000
v 1.2118 7.3389 2.5000
v 2.6469 11.4927 0.000
v 2.6469 11.4927 2.5000
v 1.2877 7.4394 0.000
v 1.2877 7.4394 2.5000
v 2.1660 6.1830 0.000
v 2.1660 6.1830 2.5000
v 2.0840 6.1257 0.000
v 2.0840 6.1257 2.5000
v 1.2058 7.3821 0.000
v 1.2058 7.3821 2.5000
v 2.1661 6.1840 0.000
v 2.1661 6.1840 2.5000
v 1.1499 5.4528 0.000
v 1.1499 5.4528 2.5000
v 1.0915 5.5340 0.000
v 1.0915 5.5340 2.5000
v 2.1077 6.2652 0.000
v 2.1077 6.2652 2.5000
v 1.1493 5.4529 0.000
v 1.1493 5.4529 2.5000
v 0.0000 7.0825 0.000
v 0.0000 7.0825 2.5000
v 0.0817 7.1401 0.000
v 0.0817 7.1401 2.5000
v 1.2310 5.5105 0.000
v 1.2310 5.5105 2.5000
v 1.6341 11.6823 0.000
v 1.6341 11.6823 2.5000
v 2.6003 14.6279 0.000
v 2.6003 14.6279 2.5000
v 2.6953 14.5968 0.000
v 2.6953 14.5968 2.5000
v 1.7291 11.6511 0.000
v 1.7291 11.6511 2.5000
v 2.6035 14.6294 0.000
v 2.6035 14.6294 2.5000
v 3.5942 14.2491 0.000
v 3.5942 14.2491 2.5000
v 3.5584 14.1558 0.000
v 3.5584 14.1558 2.5000
v 2.5676 14.5361 0.000
v 2.5676 14.5361 2.5000
v 3.4681 14.1855 0.000
v 3.4681 14.1855 2.5000
v 4.0207 16.1777 0.000
v 4.0207 16.1777 2.5000
v 4.1170 16.1510 0.000
v 4.1170 16.1510 2.5000
v 3.5644 14.1588 0.000
v 3.5644 14.1588 2.5000
v 3.9923 16.0845 0.000
v 3.9923 16.0845 2.5000
v 4.9094 18.8502 0.000
v 4.9094 18.8502 2.5000
v 5.0043 18.8188 0.000
v 5.0043 18.8188 2.5000
v 4.0872 16.0530 0.000
v 4.0872 16.0530 2.5000
v 4.9725 18.7237 0.000
v 4.9725 18.7237 2.5000
v 3.9783 19.0602 0.000
v 3.9783 19.0602 2.5000
v 4.0103 19.1549 0.000
v 4.0103 19.1549 2.5000
v 5.0045 18.8184 0.000
v 5.0045 18.8184 2.5000
v 4.1042 19.1244 0.000
v 4.1042 19.1244 2.5000
v 2.6651 14.5022 0.000
v 2.6651 14.5022 2.5000
v 2.5696 14.5320 0.000
v 2.5696 14.5320 2.5000
v 4.0088 19.1541 0.000
v 4.0088 19.1541 2.5000
v 4.7375 21.6423 0.000
v 4.7375 21.6423 2.5000
v 5.9836 21.3571 0.000
v 5.9836 21.3571 2.5000
v 5.9613 21.2596 0.000
v 5.9613 21.2596 2.5000
v 4.7152 21.5448 0.000
v 4.7152 21.5448 2.5000
v 5.8629 21.2833 0.000
v 5.8629 21.2833 2.5000
v 6.1919 22.5841 0.000
v 6.1919 22.5841 2.5000
v 6.2889 22.5596 0.000
v 6.2889 22.5596 2.5000
v 5.9599 21.2587 0.000
v 5.9599 21.2587 2.5000
v 6.1783 22.5735 0.000
v 6.1783 22.5735 2.5000
v 11.0802 22.5594 0.000
v 11.0802 22.5594 2.5000
v 11.0799 22.4594 0.000
v 11.0799 22.4594 2.5000
v 6.1780 22.4735 0.000
v 6.1780 22.4735 2.5000
v 11.0800 22.5595 0.000
v 11.0800 22.5595 2.5000
v 11.0800 21.3940 0.000
v 11.0800 21.3940 2.5000
v 10.9800 21.3940 0.000
v 10.9800 21.3940 2.5000
v 10.9800 22.5595 0.000
v 10.9800 22.5595 2.5000
v 11.0800 19.4736 0.000
v 11.0800 19.4736 2.5000
v 11.0800 18.7093 0.000
v 11.0800 18.7093 2.5000
v 10.9800 18.7093 0.000
v 10.9800 18.7093 2.5000
v 10.9800 19.4736 0.000
v 10.9800 19.4736 2.5000
v 10.9800 18.8093 0.000
v 10.9800 18.8093 2.5000
v 11.2738 18.8093 0.000
v 11.2738 18.8093 2.5000
v 11.2738 18.7093 0.000
v 11.2738 18.7093 2.5000
v 10.9800 18.7093 0.000
v 10.9800 18.7093 2.5000
v 11.1738 18.7093 0.000
v 11.1738 18.7093 2.5000
v 11.1738 19.4736 0.000
v 11.1738 19.4736 2.5000
v 11.2738 19.4736 0.000
v 11.2738 19.4736 2.5000
v 11.2738 18.7093 0.000
v 11.2738 18.7093 2.5000
v 11.2738 19.3736 0.000
v 11.2738 19.3736 2.5000
v 10.9800 19.3736 0.000
v 10.9800 19.3736 2.5000
v 10.9800 19.4736 0.000
v 10.9800 19.4736 2.5000
v 11.2738 19.4736 0.000
v 11.2738 19.4736 2.5000
v 5.3273 23.0648 0.000
v 5.3273 23.0648 2.5000
v 4.8065 21.5191 0.000
v 4.8065 21.5191 2.5000
v 4.7118 21.5510 0.000
v 4.7118 21.5510 2.5000
v 5.2326 23.0968 0.000
v 5.2326 23.0968 2.5000
v 10.9800 21.4940 0.000
v 10.9800 21.4940 2.5000
v 11.3044 21.4940 0.000
v 11.3044 21.4940 2.5000
v 11.3044 21.3940 0.000
v 11.3044 21.3940 2.5000
v 10.9800 21.3940 0.000
v 10.9800 21.3940 2.5000
v 11.2044 21.3940 0.000
v 11.2044 21.3940 2.5000
v 11.2044 22.5617 0.000
v 11.2044 22.5617 2.5000
v 11.3044 22.5617 0.000
v 11.3044 22.5617 2.5000
v 11.3044 21.3940 0.000
v 11.3044 21.3940 2.5000
v 11.3049 22.4622 0.000
v 11.3049 22.4622 2.5000
v 10.9805 22.4591 0.000
v 10.9805 22.4591 2.5000
v 10.9796 22.5591 0.000
v 10.9796 22.5591 2.5000
v 11.3039 22.5622 0.000
v 11.3039 22.5622 2.5000
v 11.2044 22.5617 0.000
v 11.2044 22.5617 2.5000
v 17.1409 22.5617 0.000
v 17.1409 22.5617 2.5000
v 17.1409 22.4617 0.000
v 17.1409 22.4617 2.5000
v 11.2044 22.4617 0.000
v 11.2044 22.4617 2.5000
v 17.1409 22.5617 0.000
v 17.1409 22.5617 2.5000
v 17.1409 21.7776 0.000
v 17.1409 21.7776 2.5000
v 17.0409 21.7776 0.000
v 17.0409 21.7776 2.5000
v 17.0409 22.5617 0.000
v 17.0409 22.5617 2.5000
v 17.0409 21.8776 0.000
v 17.0409 21.8776 2.5000
v 25.2938 21.8776 0.000
v 25.2938 21.8776 2.5000
v 25.2938 21.7776 0.000
v 25.2938 21.7776 2.5000
v 17.0409 21.7776 0.000
v 17.0409 21.7776 2.5000
v 25.2938 21.8776 0.000
v 25.2938 21.8776 2.5000
v 25.2938 16.1830 0.000
v 25.2938 16.1830 2.5000
v 25.1938 16.1830 0.000
v 25.1938 16.1830 2.5000
v 25.1938 21.8776 0.000
v 25.1938 21.8776 2.5000
v 25.2938 16.2830 0.000
v 25.2938 16.2830 2.5000
v 25.2938 15.0302 0.000
v 25.2938 15.0302 2.5000
v 25.1938 15.0302 0.000
v 25.1938 15.0302 2.5000
v 25.1938 16.2830 0.000
v 25.1938 16.2830 2.5000
v 25.1938 15.1302 0.000
v 25.1938 15.1302 2.5000
v 25.4748 15.1302 0.000
v 25.4748 15.1302 2.5000
v 25.4748 15.0302 0.000
v 25.4748 15.0302 2.5000
v 25.1938 15.0302 0.000
v 25.1938 15.0302 2.5000
v 25.3748 15.1302 0.000
v 25.3748 15.1302 2.5000
v 26.6612 15.1302 0.000
v 26.6612 15.1302 2.5000
v 26.6612 15.0302 0.000
v 26.6612 15.0302 2.5000
v 25.3748 15.0302 0.000
v 25.3748 15.0302 2.5000
v 26.5612 15.0302 0.000
v 26.5612 15.0302 2.5000
v 26.5612 15.3764 0.000
v 26.5612 15.3764 2.5000
v 26.6612 15.3764 0.000
v 26.6612 15.3764 2.5000
v 26.6612 15.0302 0.000
v 26.6612 15.0302 2.5000
v 26.6612 15.2764 0.000
v 26.6612 15.2764 2.5000
v 26.0464 15.2764 0.000
v 26.0464 15.2764 2.5000
v 26.0464 15.3764 0.000
v 26.0464 15.3764 2.5000
v 26.6612 15.3764 0.000
v 26.6612 15.3764 2.5000
v 26.0464 15.2764 0.000
v 26.0464 15.2764 2.5000
v 26.0464 16.2159 0.000
v 26.0464 16.2159 2.5000
v 26.1464 16.2159 0.000
v 26.1464 16.2159 2.5000
v 26.1464 15.2764 0.000
v 26.1464 15.2764 2.5000
v 26.1464 16.1159 0.000
v 26.1464 16.1159 2.5000
v 25.5762 16.1159 0.000
v 25.5762 16.1159 2.5000
v 25.5762 16.2159 0.000
v 25.5762 16.2159 2.5000
v 26.1464 16.2159 0.000
v 26.1464 16.2159 2.5000
v 25.5762 16.1159 0.000
v 25.5762 16.1159 2.5000
v 25.5762 21.8570 0.000
v 25.5762 21.8570 2.5000
v 25.6762 21.8570 0.000
v 25.6762 21.8570 2.5000
v 25.6762 16.1159 0.000
v 25.6762 16.1159 2.5000
v 25.5762 21.8570 0.000
v 25.5762 21.8570 2.5000
v 26.0008 21.8570 0.000
v 26.0008 21.8570 2.5000
v 26.0008 21.7570 0.000
v 26.0008 21.7570 2.5000
v 25.5762 21.7570 0.000
v 25.5762 21.7570 2.5000
v 25.9008 21.7570 0.000
v 25.9008 21.7570 2.5000
v 25.9008 22.2936 0.000
v 25.9008 22.2936 2.5000
v 26.0008 22.2936 0.000
v 26.0008 22.2936 2.5000
v 26.0008 21.7570 0.000
v 26.0008 21.7570 2.5000
v 25.9008 22.2936 0.000
v 25.9008 22.2936 2.5000
v 28.5864 22.2936 0.000
v 28.5864 22.2936 2.5000
v 28.5864 22.1936 0.000
v 28.5864 22.1936 2.5000
v 25.9008 22.1936 0.000
v 25.9008 22.1936 2.5000
v 28.5864 22.2936 0.000
v 28.5864 22.2936 2.5000
v 28.5864 15.3100 0.000
v 28.5864 15.3100 2.5000
v 28.4864 15.3100 0.000
v 28.4864 15.3100 2.5000
v 28.4864 22.2936 0.000
v 28.4864 22.2936 2.5000
v 28.4864 15.4100 0.000
v 28.4864 15.4100 2.5000
v 28.8102 15.4100 0.000
v 28.8102 15.4100 2.5000
v 28.8102 15.3100 0.000
v 28.8102 15.3100 2.5000
v 28.4864 15.3100 0.000
v 28.4864 15.3100 2.5000
v 28.7102 15.3100 0.000
v 28.7102 15.3100 2.5000
v 28.7102 19.4954 0.000
v 28.7102 19.4954 2.5000
v 28.8102 19.4954 0.000
v 28.8102 19.4954 2.5000
v 28.8102 15.3100 0.000
v 28.8102 15.3100 2.5000
v 28.7102 19.4954 0.000
v 28.7102 19.4954 2.5000
v 32.5934 19.4954 0.000
v 32.5934 19.4954 2.5000
v 32.5934 19.3954 0.000
v 32.5934 19.3954 2.5000
v 28.7102 19.3954 0.000
v 28.7102 19.3954 2.5000
v 32.5934 19.4954 0.000
v 32.5934 19.4954 2.5000
v 32.5934 15.1197 0.000
v 32.5934 15.1197 2.5000
v 32.4934 15.1197 0.000
v 32.4934 15.1197 2.5000
v 32.4934 19.4954 0.000
v 32.4934 19.4954 2.5000
v 32.4934 15.2197 0.000
v 32.4934 15.2197 2.5000
v 32.9180 15.2197 0.000
v 32.9180 15.2197 2.5000
v 32.9180 15.1197 0.000
v 32.9180 15.1197 2.5000
v 32.4934 15.1197 0.000
v 32.4934 15.1197 2.5000
v 32.8180 15.1197 0.000
v 32.8180 15.1197 2.5000
v 32.8180 19.6744 0.000
v 32.8180 19.6744 2.5000
v 32.9180 19.6744 0.000
v 32.9180 19.6744 2.5000
v 32.9180 15.1197 0.000
v 32.9180 15.1197 2.5000
v 32.9180 19.5744 0.000
v 32.9180 19.5744 2.5000
v 28.7283 19.5744 0.000
v 28.7283 19.5744 2.5000
v 28.7283 19.6744 0.000
v 28.7283 19.6744 2.5000
v 32.9180 19.6744 0.000
v 32.9180 19.6744 2.5000
v 28.7283 19.5744 0.000
v 28.7283 19.5744 2.5000
v 28.7283 22.2930 0.000
v 28.7283 22.2930 2.5000
v 28.8283 22.2930 0.000
v 28.8283 22.2930 2.5000
v 28.8283 19.5744 0.000
v 28.8283 19.5744 2.5000
v 28.7283 22.2930 0.000
v 28.7283 22.2930 2.5000
v 32.6181 22.2930 0.000
v 32.6181 22.2930 2.5000
v 32.6181 22.1930 0.000
v 32.6181 22.1930 2.5000
v 28.7283 22.1930 0.000
v 28.7283 22.1930 2.5000
v 32.6181 22.2930 0.000
v 32.6181 22.2930 2.5000
v 32.6181 21.3250 0.000
v 32.6181 21.3250 2.5000
v 32.5181 21.3250 0.000
v 32.5181 21.3250 2.5000
v 32.5181 22.2930 0.000
v 32.5181 22.2930 2.5000
v 32.5181 21.4250 0.000
v 32.5181 21.4250 2.5000
v 32.9408 21.4250 0.000
v 32.9408 21.4250 2.5000
v 32.9408 21.3250 0.000
v 32.9408 21.3250 2.5000
v 32.5181 21.3250 0.000
v 32.5181 21.3250 2.5000
v 32.8408 21.4250 0.000
v 32.8408 21.4250 2.5000
v 38.1735 21.4250 0.000
v 38.1735 21.4250 2.5000
v 38.1735 21.3250 0.000
v 38.1735 21.3250 2.5000
v 32.8408 21.3250 0.000
v 32.8408 21.3250 2.5000
v 38.0735 21.3250 0.000
v 38.0735 21.3250 2.5000
v 38.0735 21.5480 0.000
v 38.0735 21.5480 2.5000
v 38.1735 21.5480 0.000
v 38.1735 21.5480 2.5000
v 38.1735 21.3250 0.000
v 38.1735 21.3250 2.5000
v 38.0735 21.5480 0.000
v 38.0735 21.5480 2.5000
v 43.3566 21.5480 0.000
v 43.3566 21.5480 2.5000
v 43.3566 21.4480 0.000
v 43.3566 21.4480 2.5000
v 38.0735 21.4480 0.000
v 38.0735 21.4480 2.5000
v 43.3566 21.5480 0.000
v 43.3566 21.5480 2.5000
v 43.3566 17.6892 0.000
v 43.3566 17.6892 2.5000
v 43.2566 17.6892 0.000
v 43.2566 17.6892 2.5000
v 43.2566 21.5480 0.000
v 43.2566 21.5480 2.5000
v 43.2566 17.7892 0.000
v 43.2566 17.7892 2.5000
v 43.5545 17.7892 0.000
v 43.5545 17.7892 2.5000
v 43.5545 17.6892 0.000
v 43.5545 17.6892 2.5000
v 43.2566 17.6892 0.000
v 43.2566 17.6892 2.5000
v 43.5545 17.7892 0.000
v 43.5545 17.7892 2.5000
v 43.5545 6.7196 0.000
v 43.5545 6.7196 2.5000
v 43.4545 6.7196 0.000
v 43.4545 6.7196 2.5000
v 43.4545 17.7892 0.000
v 43.4545 17.7892 2.5000
v 43.5545 6.7196 0.000
v 43.5545 6.7196 2.5000
v 32.8442 6.7196 0.000
v 32.8442 6.7196 2.5000
v 32.8442 6.8196 0.000
v 32.8442 6.8196 2.5000
v 43.5545 6.8196 0.000
v 43.5545 6.8196 2.5000
v 32.8442 6.7196 0.000
v 32.8442 6.7196 2.5000
v 32.8442 7.8977 0.000
v 32.8442 7.8977 2.5000
v 32.9442 7.8977 0.000
v 32.9442 7.8977 2.5000
v 32.9442 6.7196 0.000
v 32.9442 6.7196 2.5000
v 32.9442 7.7977 0.000
v 32.9442 7.7977 2.5000
v 32.4748 7.7977 0.000
v 32.4748 7.7977 2.5000
v 32.4748 7.8977 0.000
v 32.4748 7.8977 2.5000
v 32.9442 7.8977 0.000
v 32.9442 7.8977 2.5000
v 32.5747 7.8979 0.000
v 32.5747 7.8979 2.5000
v 32.5950 1.8531 0.000
v 32.5950 1.8531 2.5000
v 32.4950 1.8528 0.000
v 32.4950 1.8528 2.5000
v 32.4747 7.8976 0.000
v 32.4747 7.8976 2.5000
v 32.4960 1.9541 0.000
v 32.4960 1.9541 2.5000
v 32.9220 1.9442 0.000
v 32.9220 1.9442 2.5000
v 32.9197 1.8443 0.000
v 32.9197 1.8443 2.5000
v 32.4937 1.8541 0.000
v 32.4937 1.8541 2.5000
v 32.8213 1.8449 0.000
v 32.8213 1.8449 2.5000
v 32.7777 6.2882 0.000
v 32.7777 6.2882 2.5000
v 32.8777 6.2892 0.000
v 32.8777 6.2892 2.5000
v 32.9213 1.8459 0.000
v 32.9213 1.8459 2.5000
v 32.7782 6.2887 0.000
v 32.7782 6.2887 2.5000
v 43.7061 6.2887 0.000
v 43.7061 6.2887 2.5000
v 43.7061 6.1887 0.000
v 43.7061 6.1887 2.5000
v 32.7782 6.1887 0.000
v 32.7782 6.1887 2.5000
v 43.5953 6.2747 0.000
v 43.5953 6.2747 2.5000
v 44.3783 6.4761 0.000
v 44.3783 6.4761 2.5000
v 44.4032 6.3792 0.000
v 44.4032 6.3792 2.5000
v 43.6202 6.1778 0.000
v 43.6202 6.1778 2.5000
v 43.7061 6.2887 0.000
v 43.7061 6.2887 2.5000
v 43.7061 1.2034 0.000
v 43.7061 1.2034 2.5000
v 43.6061 1.2034 0.000
v 43.6061 1.2034 2.5000
v 43.6061 6.2887 0.000
v 43.6061 6.2887 2.5000
v 43.7061 1.2034 0.000
v 43.7061 1.2034 2.5000
v 42.7093 1.2034 0.000
v 42.7093 1.2034 2.5000
v 42.7093 1.3034 0.000
v 42.7093 1.3034 2.5000
v 43.7061 1.3034 0.000
v 43.7061 1.3034 2.5000
v 3.6012 1.9237 0.000
v 3.6012 1.9237 2.5000
v 4.6152 2.6369 0.000
v 4.6152 2.6369 2.5000
v 4.6727 2.5551 0.000
v 4.6727 2.5551 2.5000
v 3.6587 1.8419 0.000
v 3.6587 1.8419 2.5000
v 4.6131 2.6373 0.000
v 4.6131 2.6373 2.5000
v 5.4720 1.4918 0.000
v 5.4720 1.4918 2.5000
v 5.3920 1.4318 0.000
v 5.3920 1.4318 2.5000
v 4.5331 2.5773 0.000
v 4.5331 2.5773 2.5000
v 5.3520 1.5518 0.000
v 5.3520 1.5518 2.5000
v 12.3326 1.5518 0.000
v 12.3326 1.5518 2.5000
v 12.3326 1.4518 0.000
v 12.3326 1.4518 2.5000
v 5.3520 1.4518 0.000
v 5.3520 1.4518 2.5000
v 12.3326 1.5518 0.000
v 12.3326 1.5518 2.5000
v 12.3326 0.4866 0.000
v 12.3326 0.4866 2.5000
v 12.2326 0.4866 0.000
v 12.2326 0.4866 2.5000
v 12.2326 1.5518 0.000
v 12.2326 1.5518 2.5000
v 12.3325 0.4866 0.000
v 12.3325 0.4866 2.5000
v 4.6458 0.4937 0.000
v 4.6458 0.4937 2.5000
v 4.6459 0.5937 0.000
v 4.6459 0.5937 2.5000
v 12.3326 0.5866 0.000
v 12.3326 0.5866 2.5000
v 4.6858 0.4737 0.000
v 4.6858 0.4737 2.5000
v 3.6008 1.9216 0.000
v 3.6008 1.9216 2.5000
v 3.6809 1.9816 0.000
v 3.6809 1.9816 2.5000
v 4.7658 0.5336 0.000
v 4.7658 0.5336 2.5000
v 12.2326 0.5866 0.000
v 12.2326 0.5866 2.5000
v 14.9733 0.5866 0.000
v 14.9733 0.5866 2.5000
v 14.9733 0.4866 0.000
v 14.9733 0.4866 2.5000
v 12.2326 0.4866 0.000
v 12.2326 0.4866 2.5000
v 14.8733 0.5866 0.000
v 14.8733 0.5866 2.5000
v 20.2354 0.5866 0.000
v 20.2354 0.5866 2.5000
v 20.2354 0.4866 0.000
v 20.2354 0.4866 2.5000
v 14.8733 0.4866 0.000
v 14.8733 0.4866 2.5000
v 20.1354 0.5866 0.000
v 20.1354 0.5866 2.5000
v 22.7136 0.5866 0.000
v 22.7136 0.5866 2.5000
v 22.7136 0.4866 0.000
v 22.7136 0.4866 2.5000
v 20.1354 0.4866 0.000
v 20.1354 0.4866 2.5000
v 27.7399 0.5866 0.000
v 27.7399 0.5866 2.5000
v 31.8798 0.5866 0.000
v 31.8798 0.5866 2.5000
v 31.8798 0.4866 0.000
v 31.8798 0.4866 2.5000
v 27.7399 0.4866 0.000
v 27.7399 0.4866 2.5000
v 31.7798 0.5866 0.000
v 31.7798 0.5866 2.5000
v 33.8438 0.5866 0.000
v 33.8438 0.5866 2.5000
v 33.8438 0.4866 0.000
v 33.8438 0.4866 2.5000
v 31.7798 0.4866 0.000
v 31.7798 0.4866 2.5000
v 33.8438 0.5866 0.000
v 33.8438 0.5866 2.5000
v 33.8438 0.1797 0.000
v 33.8438 0.1797 2.5000
v 33.7438 0.1797 0.000
v 33.7438 0.1797 2.5000
v 33.7438 0.5866 0.000
v 33.7438 0.5866 2.5000
v 33.7438 0.2797 0.000
v 33.7438 0.2797 2.5000
v 42.6874 0.2797 0.000
v 42.6874 0.2797 2.5000
v 42.6874 0.1797 0.000
v 42.6874 0.1797 2.5000
v 33.7438 0.1797 0.000
v 33.7438 0.1797 2.5000
v 42.6874 0.2797 0.000
v 42.6874 0.2797 2.5000
v 42.6874 0.0005 0.000
v 42.6874 0.0005 2.5000
v 42.5874 0.0005 0.000
v 42.5874 0.0005 2.5000
v 42.5874 0.2797 0.000
v 42.5874 0.2797 2.5000
v 42.5869 0.1000 0.000
v 42.5869 0.1000 2.5000
v 44.6359 0.1224 0.000
v 44.6359 0.1224 2.5000
v 44.6370 0.0224 0.000
v 44.6370 0.0224 2.5000
v 42.5880 0.0000 0.000
v 42.5880 0.0000 2.5000
v 42.8093 1.3034 0.000
v 42.8093 1.3034 2.5000
v 42.8093 0.4489 0.000
v 42.8093 0.4489 2.5000
v 42.7093 0.4489 0.000
v 42.7093 0.4489 2.5000
v 42.7093 1.3034 0.000
v 42.7093 1.3034 2.5000
v 42.8255 0.5239 0.000
v 42.8255 0.5239 2.5000
v 42.6624 0.1635 0.000
v 42.6624 0.1635 2.5000
v 42.5713 0.2048 0.000
v 42.5713 0.2048 2.5000
v 42.7344 0.5651 0.000
v 42.7344 0.5651 2.5000
v 42.8093 1.2034 0.000
v 42.8093 1.2034 2.5000
v 34.8700 1.2034 0.000
v 34.8700 1.2034 2.5000
v 34.8700 1.3034 0.000
v 34.8700 1.3034 2.5000
v 42.8093 1.3034 0.000
v 42.8093 1.3034 2.5000
v 34.9891 1.2380 0.000
v 34.9891 1.2380 2.5000
v 33.7784 0.4676 0.000
v 33.7784 0.4676 2.5000
v 33.7248 0.5520 0.000
v 33.7248 0.5520 2.5000
v 34.9354 1.3224 0.000
v 34.9354 1.3224 2.5000
v 12.2326 1.5518 0.000
v 12.2326 1.5518 2.5000
v 14.9514 1.5518 0.000
v 14.9514 1.5518 2.5000
v 14.9514 1.4518 0.000
v 14.9514 1.4518 2.5000
v 12.2326 1.4518 0.000
v 12.2326 1.4518 2.5000
v 14.8514 1.5518 0.000
v 14.8514 1.5518 2.5000
v 18.7686 1.5518 0.000
v 18.7686 1.5518 2.5000
v 18.7686 1.4518 0.000
v 18.7686 1.4518 2.5000
v 14.8514 1.4518 0.000
v 14.8514 1.4518 2.5000
v 18.7686 1.5518 0.000
v 18.7686 1.5518 2.5000
v 18.7686 1.1192 0.000
v 18.7686 1.1192 2.5000
v 18.6686 1.1192 0.000
v 18.6686 1.1192 2.5000
v 18.6686 1.5518 0.000
v 18.6686 1.5518 2.5000
v 18.6686 1.2192 0.000
v 18.6686 1.2192 2.5000
v 19.0760 1.2192 0.000
v 19.0760 1.2192 2.5000
v 19.0760 1.1192 0.000
v 19.0760 1.1192 2.5000
v 18.6686 1.1192 0.000
v 18.6686 1.1192 2.5000
v 18.9760 1.1192 0.000
v 18.9760 1.1192 2.5000
v 18.9760 1.5480 0.000
v 18.9760 1.5480 2.5000
v 19.0760 1.5480 0.000
v 19.0760 1.5480 2.5000
v 19.0760 1.1192 0.000
v 19.0760 1.1192 2.5000
v 18.9760 1.5480 0.000
v 18.9760 1.5480 2.5000
v 20.2126 1.5480 0.000
v 20.2126 1.5480 2.5000
v 20.2126 1.4480 0.000
v 20.2126 1.4480 2.5000
v 18.9760 1.4480 0.000
v 18.9760 1.4480 2.5000
v 20.2114 1.5492 0.000
v 20.2114 1.5492 2.5000
v 20.2366 0.4878 0.000
v 20.2366 0.4878 2.5000
v 20.1366 0.4855 0.000
v 20.1366 0.4855 2.5000
v 20.1114 1.5468 0.000
v 20.1114 1.5468 2.5000
v 22.6136 0.4866 0.000
v 22.6136 0.4866 2.5000
v 22.6136 1.5009 0.000
v 22.6136 1.5009 2.5000
v 22.7136 1.5009 0.000
v 22.7136 1.5009 2.5000
v 22.7136 0.4866 0.000
v 22.7136 0.4866 2.5000
v 27.7399 0.4866 0.000
v 27.7399 0.4866 2.5000
v 27.7399 1.2377 0.000
v 27.7399 1.2377 2.5000
v 27.8399 1.2377 0.000
v 27.8399 1.2377 2.5000
v 27.8399 0.4866 0.000
v 27.8399 0.4866 2.5000
v 27.7399 1.1377 0.000
v 27.7399 1.1377 2.5000
v 27.7399 1.4904 0.000
v 27.7399 1.4904 2.5000
v 27.8399 1.4904 0.000
v 27.8399 1.4904 2.5000
v 27.8399 1.1377 0.000
v 27.8399 1.1377 2.5000
v 27.7399 1.2377 0.000
v 27.7399 1.2377 2.5000
v 30.5929 1.2377 0.000
v 30.5929 1.2377 2.5000
v 30.5929 1.1377 0.000
v 30.5929 1.1377 2.5000
v 27.7399 1.1377 0.000
v 27.7399 1.1377 2.5000
v 30.5209 1.2549 0.000
v 30.5209 1.2549 2.5000
v 31.8969 0.5587 0.000
v 31.8969 0.5587 2.5000
v 31.8518 0.4694 0.000
v 31.8518 0.4694 2.5000
v 30.4757 1.1657 0.000
v 30.4757 1.1657 2.5000
v 18.6686 1.4518 0.000
v 18.6686 1.4518 2.5000
v 18.6686 13.2944 0.000
v 18.6686 13.2944 2.5000
v 18.7686 13.2944 0.000
v 18.7686 13.2944 2.5000
v 18.7686 1.4518 0.000
v 18.7686 1.4518 2.5000
v 18.6686 13.2944 0.000
v 18.6686 13.2944 2.5000
v 18.9809 13.2944 0.000
v 18.9809 13.2944 2.5000
v 18.9809 13.1944 0.000
v 18.9809 13.1944 2.5000
v 18.6686 13.1944 0.000
v 18.6686 13.1944 2.5000
v 18.9809 13.2944 0.000
v 18.9809 13.2944 2.5000
v 18.9809 12.0426 0.000
v 18.9809 12.0426 2.5000
v 18.8809 12.0426 0.000
v 18.8809 12.0426 2.5000
v 18.8809 13.2944 0.000
v 18.8809 13.2944 2.5000
v 18.8809 12.1426 0.000
v 18.8809 12.1426 2.5000
v 22.4590 12.1426 0.000
v 22.4590 12.1426 2.5000
v 22.4590 12.0426 0.000
v 22.4590 12.0426 2.5000
v 18.8809 12.0426 0.000
v 18.8809 12.0426 2.5000
v 22.3590 12.0426 0.000
v 22.3590 12.0426 2.5000
v 22.3590 13.3508 0.000
v 22.3590 13.3508 2.5000
v 22.4590 13.3508 0.000
v 22.4590 13.3508 2.5000
v 22.4590 12.0426 0.000
v 22.4590 12.0426 2.5000
v 22.3590 13.3508 0.000
v 22.3590 13.3508 2.5000
v 22.7413 13.3508 0.000
v 22.7413 13.3508 2.5000
v 22.7413 13.2508 0.000
v 22.7413 13.2508 2.5000
v 22.3590 13.2508 0.000
v 22.3590 13.2508 2.5000
v 22.7413 13.3508 0.000
v 22.7413 13.3508 2.5000
v 22.7413 12.1442 0.000
v 22.7413 12.1442 2.5000
v 22.6413 12.1442 0.000
v 22.6413 12.1442 2.5000
v 22.6413 13.3508 0.000
v 22.6413 13.3508 2.5000
v 22.6413 12.2442 0.000
v 22.6413 12.2442 2.5000
v 25.2481 12.2442 0.000
v 25.2481 12.2442 2.5000
v 25.2481 12.1442 0.000
v 25.2481 12.1442 2.5000
v 22.6413 12.1442 0.000
v 22.6413 12.1442 2.5000
v 25.1481 12.1442 0.000
v 25.1481 12.1442 2.5000
v 25.1481 13.1363 0.000
v 25.1481 13.1363 2.5000
v 25.2481 13.1363 0.000
v 25.2481 13.1363 2.5000
v 25.2481 12.1442 0.000
v 25.2481 12.1442 2.5000
v 25.1481 13.1363 0.000
v 25.1481 13.1363 2.5000
v 25.4627 13.1363 0.000
v 25.4627 13.1363 2.5000
v 25.4627 13.0363 0.000
v 25.4627 13.0363 2.5000
v 25.1481 13.0363 0.000
v 25.1481 13.0363 2.5000
v 25.4627 13.1363 0.000
v 25.4627 13.1363 2.5000
v 25.4627 12.1216 0.000
v 25.4627 12.1216 2.5000
v 25.3627 12.1216 0.000
v 25.3627 12.1216 2.5000
v 25.3627 13.1363 0.000
v 25.3627 13.1363 2.5000
v 25.3627 12.2216 0.000
v 25.3627 12.2216 2.5000
v 32.9128 12.2216 0.000
v 32.9128 12.2216 2.5000
v 32.9128 12.1216 0.000
v 32.9128 12.1216 2.5000
v 25.3627 12.1216 0.000
v 25.3627 12.1216 2.5000
v 32.9128 12.2216 0.000
v 32.9128 12.2216 2.5000
v 32.9128 11.4226 0.000
v 32.9128 11.4226 2.5000
v 32.8128 11.4226 0.000
v 32.8128 11.4226 2.5000
v 32.8128 12.2216 0.000
v 32.8128 12.2216 2.5000
v 32.9128 11.4226 0.000
v 32.9128 11.4226 2.5000
v 32.5029 11.4226 0.000
v 32.5029 11.4226 2.5000
v 32.5029 11.5226 0.000
v 32.5029 11.5226 2.5000
v 32.9128 11.5226 0.000
v 32.9128 11.5226 2.5000
v 32.5029 11.4226 0.000
v 32.5029 11.4226 2.5000
v 32.5029 11.8233 0.000
v 32.5029 11.8233 2.5000
v 32.6029 11.8233 0.000
v 32.6029 11.8233 2.5000
v 32.6029 11.4226 0.000
v 32.6029 11.4226 2.5000
v 18.9760 1.4480 0.000
v 18.9760 1.4480 2.5000
v 18.9760 11.7673 0.000
v 18.9760 11.7673 2.5000
v 19.0760 11.7673 0.000
v 19.0760 11.7673 2.5000
v 19.0760 1.4480 0.000
v 19.0760 1.4480 2.5000
v 18.9758 11.7671 0.000
v 18.9758 11.7671 2.5000
v 32.6027 11.8235 0.000
v 32.6027 11.8235 2.5000
v 32.6031 11.7235 0.000
v 32.6031 11.7235 2.5000
v 18.9762 11.6671 0.000
v 18.9762 11.6671 2.5000
v 30.1256 15.4544 0.000
v 30.1256 15.4544 2.5000
v 30.1256 15.1232 0.000
v 30.1256 15.1232 2.5000
v 30.0256 15.1232 0.000
v 30.0256 15.1232 2.5000
v 30.0256 15.4544 0.000
v 30.0256 15.4544 2.5000
v 30.0256 15.2232 0.000
v 30.0256 15.2232 2.5000
v 30.5156 15.2232 0.000
v 30.5156 15.2232 2.5000
v 30.5156 15.1232 0.000
v 30.5156 15.1232 2.5000
v 30.0256 15.1232 0.000
v 30.0256 15.1232 2.5000
v 30.5156 15.2232 0.000
v 30.5156 15.2232 2.5000
v 30.5156 14.0287 0.000
v 30.5156 14.0287 2.5000
v 30.4156 14.0287 0.000
v 30.4156 14.0287 2.5000
v 30.4156 15.2232 0.000
v 30.4156 15.2232 2.5000
v 30.4156 14.1287 0.000
v 30.4156 14.1287 2.5000
v 30.8336 14.1287 0.000
v 30.8336 14.1287 2.5000
v 30.8336 14.0287 0.000
v 30.8336 14.0287 2.5000
v 30.4156 14.0287 0.000
v 30.4156 14.0287 2.5000
v 30.7336 14.0287 0.000
v 30.7336 14.0287 2.5000
v 30.7336 15.1835 0.000
v 30.7336 15.1835 2.5000
v 30.8336 15.1835 0.000
v 30.8336 15.1835 2.5000
v 30.8336 14.0287 0.000
v 30.8336 14.0287 2.5000
v 30.7323 15.0848 0.000
v 30.7323 15.0848 2.5000
v 30.7421 15.4592 0.000
v 30.7421 15.4592 2.5000
v 30.8420 15.4566 0.000
v 30.8420 15.4566 2.5000
v 30.8322 15.0822 0.000
v 30.8322 15.0822 2.5000
v 30.8410 15.3582 0.000
v 30.8410 15.3582 2.5000
v 30.0258 15.3541 0.000
v 30.0258 15.3541 2.5000
v 30.0253 15.4541 0.000
v 30.0253 15.4541 2.5000
v 30.8405 15.4582 0.000
v 30.8405 15.4582 2.5000
v 4.0055 16.1662 0.000
v 4.0055 16.1662 2.5000
v 11.5410 16.1662 0.000
v 11.5410 16.1662 2.5000
v 11.5410 16.0662 0.000
v 11.5410 16.0662 2.5000
v 4.0055 16.0662 0.000
v 4.0055 16.0662 2.5000
v 14.9134 16.1662 0.000
v 14.9134 16.1662 2.5000
v 20.0707 16.1662 0.000
v 20.0707 16.1662 2.5000
v 20.0707 16.0662 0.000
v 20.0707 16.0662 2.5000
v 14.9134 16.0662 0.000
v 14.9134 16.0662 2.5000
v 19.9707 16.1662 0.000
v 19.9707 16.1662 2.5000
v 25.2063 16.1662 0.000
v 25.2063 16.1662 2.5000
v 25.2063 16.0662 0.000
v 25.2063 16.0662 2.5000
v 19.9707 16.0662 0.000
v 19.9707 16.0662 2.5000
v 25.0863 16.1061 0.000
v 25.0863 16.1061 2.5000
v 25.2337 16.3030 0.000
v 25.2337 16.3030 2.5000
v 25.3137 16.2431 0.000
v 25.3137 16.2431 2.5000
v 25.1663 16.0462 0.000
v 25.1663 16.0462 2.5000
vt 0.000 0.000
vt 0.000 1.0000
vt 38.8656 0.000
vt 38.8656 1.0000
vt 38.9656 0.000
vt 38.9656 1.0000
vt 77.8312 0.000
vt 77.8312 1.0000
vt 0.000 0.000
vt 0.000 1.0000
vt 8.5740 0.000
vt 8.5740 1.0000
vt 8.6740 0.000
vt 8.6740 1.0000
vt 17.2481 0.000
vt 17.2481 1.0000
vt 0.000 0.000
vt 0.000 1.0000
vt 0.2127 0.000
vt 0.2127 1.0000
vt 0.3127 0.000
vt 0.3127 1.0000
vt 0.5254 0.000
vt 0.5254 1.0000
vt 0.000 0.000
vt 0.000 1.0000
vt 8.0442 0.000
vt 8.0442 1.0000
vt 8.1442 0.000
vt 8.1442 1.0000
vt 16.1884 0.000
vt 16.1884 1.0000
vt 0.000 0.000
vt 0.000 1.0000
vt 0.2441 0.000
vt 0.2441 1.0000
vt 0.3441 0.000
vt 0.3441 1.0000
vt 0.5883 0.000
vt 0.5883 1.0000
vt 0.000 0.000
vt 0.000 1.0000
vt 6.3433 0.000
vt 6.3433 1.0000
vt 6.4433 0.000
vt 6.4433 1.0000
vt 12.7867 0.000
vt 12.7867 1.0000
vt 0.000 0.000
vt 0.000 1.0000
vt 4.9207 0.000
vt 4.9207 1.0000
vt 5.0207 0.000
vt 5.0207 1.0000
vt 9.9414 0.000
vt 9.9414 1.0000
vt 0.000 0.000
vt 0.000 1.0000
vt 1.0212 0.000
vt 1.0212 1.0000
vt 1.1212 0.000
vt 1.1212 1.0000
vt 2.1424 0.000
vt 2.1424 1.0000
vt 0.000 0.000
vt 0.000 1.0000
vt 4.2947 0.000
vt 4.2947 1.0000
vt 4.3947 0.000
vt 4.3947 1.0000
vt 8.6895 0.000
vt 8.6895 1.0000
vt 0.000 0.000
vt 0.000 1.0000
vt 1.4329 0.000
vt 1.4329 1.0000
vt 1.5329 0.000
vt 1.5329 1.0000
vt 2.9658 0.000
vt 2.9658 1.0000
vt 0.000 0.000
vt 0.000 1.0000
vt 1.1519 0.000
vt 1.1519 1.0000
vt 1.2519 0.000
vt 1.2519 1.0000
vt 2.4038 0.000
vt 2.4038 1.0000
vt 0.000 0.000
vt 0.000 1.0000
vt 1.8941 0.000
vt 1.8941 1.0000
vt 1.9941 0.000
vt 1.9941 1.0000
vt 3.8882 0.000
vt 3.8882 1.0000
vt 0.000 0.000
vt 0.000 1.0000
vt 3.0001 0.000
vt 3.0001 1.0000
vt 3.1001 0.000
vt 3.1001 1.0000
vt 6.1002 0.000
vt 6.1002 1.0000
vt 0.000 0.000
vt 0.000 1.0000
vt 0.9612 0.000
vt 0.9612 1.0000
vt 1.0612 0.000
vt 1.0612 1.0000
vt 2.0225 0.000
vt 2.0225 1.0000
vt 0.000 0.000
vt 0.000 1.0000
vt 1.9674 0.000
vt 1.9674 1.0000
vt 2.0674 0.000
vt 2.0674 1.0000
vt 4.0348 0.000
vt 4.0348 1.0000
vt 0.000 0.000
vt 0.000 1.0000
vt 2.8139 0.000
vt 2.8139 1.0000
vt 2.9139 0.000
vt 2.9139 1.0000
vt 5.7277 0.000
vt 5.7277 1.0000
vt 0.000 0.000
vt 0.000 1.0000
vt 0.9496 0.000
vt 0.9496 1.0000
vt 1.0496 0.000
vt 1.0496 1.0000
vt 1.9992 0.000
vt 1.9992 1.0000
vt 0.000 0.000
vt 0.000 1.0000
vt 4.7410 0.000
vt 4.7410 1.0000
vt 4.8410 0.000
vt 4.8410 1.0000
vt 9.5820 0.000
vt 9.5820 1.0000
vt 0.000 0.000
vt 0.000 1.0000
vt 1.1783 0.000
vt 1.1783 1.0000
vt 1.2783 0.000
vt 1.2783 1.0000
vt 2.4566 0.000
vt 2.4566 1.0000
vt 0.000 0.000
vt 0.000 1.0000
vt 1.2418 0.000
vt 1.2418 1.0000
vt 1.3418 0.000
vt 1.3418 1.0000
vt 2.5836 0.000
vt 2.5836 1.0000
vt 0.000 0.000
vt 0.000 1.0000
vt 4.8019 0.000
vt 4.8019 1.0000
vt 4.9019 0.000
vt 4.9019 1.0000
vt 9.7039 0.000
vt 9.7039 1.0000
vt 0.000 0.000
vt 0.000 1.0000
vt 1.0656 0.000
vt 1.0656 1.0000
vt 1.1656 0.000
vt 1.1656 1.0000
vt 2.2311 0.000
vt 2.2311 1.0000
vt 0.000 0.000
vt 0.000 1.0000
vt 0.6643 0.000
vt 0.6643 1.0000
vt 0.7643 0.000
vt 0.7643 1.0000
vt 1.4285 0.000
vt 1.4285 1.0000
vt 0.000 0.000
vt 0.000 1.0000
vt 0.1938 0.000
vt 0.1938 1.0000
vt 0.2938 0.000
vt 0.2938 1.0000
vt 0.4876 0.000
vt 0.4876 1.0000
vt 0.000 0.000
vt 0.000 1.0000
vt 0.6643 0.000
vt 0.6643 1.0000
vt 0.7643 0.000
vt 0.7643 1.0000
vt 1.4285 0.000
vt 1.4285 1.0000
vt 0.000 0.000
vt 0.000 1.0000
vt 0.1938 0.000
vt 0.1938 1.0000
vt 0.2938 0.000
vt 0.2938 1.0000
vt 0.4876 0.000
vt 0.4876 1.0000
vt 0.000 0.000
vt 0.000 1.0000
vt 1.5311 0.000
vt 1.5311 1.0000
vt 1.6311 0.000
vt 1.6311 1.0000
vt 3.1623 0.000
vt 3.1623 1.0000
vt 0.000 0.000
vt 0.000 1.0000
vt 0.2244 0.000
vt 0.2244 1.0000
vt 0.3244 0.000
vt 0.3244 1.0000
vt 0.5488 0.000
vt 0.5488 1.0000
vt 0.000 0.000
vt 0.000 1.0000
vt 1.0677 0.000
vt 1.0677 1.0000
vt 1.1677 0.000
vt 1.1677 1.0000
vt 2.2355 0.000
vt 2.2355 1.0000
vt 0.000 0.000
vt 0.000 1.0000
vt 0.2244 0.000
vt 0.2244 1.0000
vt 0.3244 0.000
vt 0.3244 1.0000
vt 0.5488 0.000
vt 0.5488 1.0000
vt 0.000 0.000
vt 0.000 1.0000
vt 5.8365 0.000
vt 5.8365 1.0000
vt 5.9365 0.000
vt 5.9365 1.0000
vt 11.7730 0.000
vt 11.7730 1.0000
vt 0.000 0.000
vt 0.000 1.0000
vt 0.6841 0.000
vt 0.6841 1.0000
vt 0.7841 0.000
vt 0.7841 1.0000
vt 1.4681 0.000
vt 1.4681 1.0000
vt 0.000 0.000
vt 0.000 1.0000
vt 8.1528 0.000
vt 8.1528 1.0000
vt 8.2528 0.000
vt 8.2528 1.0000
vt 16.4057 0.000
vt 16.4057 1.0000
vt 0.000 0.000
vt 0.000 1.0000
vt 5.5946 0.000
vt 5.5946 1.0000
vt 5.6946 0.000
vt 5.6946 1.0000
vt 11.2892 0.000
vt 11.2892 1.0000
vt 0.000 0.000
vt 0.000 1.0000
vt 1.1528 0.000
vt 1.1528 1.0000
vt 1.2528 0.000
vt 1.2528 1.0000
vt 2.4056 0.000
vt 2.4056 1.0000
vt 0.000 0.000
vt 0.000 1.0000
vt 0.1810 0.000
vt 0.1810 1.0000
vt 0.2810 0.000
vt 0.2810 1.0000
vt 0.4621 0.000
vt 0.4621 1.0000
vt 0.000 0.000
vt 0.000 1.0000
vt 1.1864 0.000
vt 1.1864 1.0000
vt 1.2864 0.000
vt 1.2864 1.0000
vt 2.4728 0.000
vt 2.4728 1.0000
vt 0.000 0.000
vt 0.000 1.0000
vt 0.2462 0.000
vt 0.2462 1.0000
vt 0.3462 0.000
vt 0.3462 1.0000
vt 0.5924 0.000
vt 0.5924 1.0000
vt 0.000 0.000
vt 0.000 1.0000
vt 0.5148 0.000
vt 0.5148 1.0000
vt 0.6148 0.000
vt 0.6148 1.0000
vt 1.1296 0.000
vt 1.1296 1.0000
vt 0.000 0.000
vt 0.000 1.0000
vt 0.8395 0.000
vt 0.8395 1.0000
vt 0.9395 0.000
vt 0.9395 1.0000
vt 1.7789 0.000
vt 1.7789 1.0000
vt 0.000 0.000
vt 0.000 1.0000
vt 0.4701 0.000
vt 0.4701 1.0000
vt 0.5701 0.000
vt 0.5701 1.0000
vt 1.0403 0.000
vt 1.0403 1.0000
vt 0.000 0.000
vt 0.000 1.0000
vt 5.6412 0.000
vt 5.6412 1.0000
vt 5.7412 0.000
vt 5.7412 1.0000
vt 11.3823 0.000
vt 11.3823 1.0000
vt 0.000 0.000
vt 0.000 1.0000
vt 0.3246 0.000
vt 0.3246 1.0000
vt 0.4246 0.000
vt 0.4246 1.0000
vt 0.7492 0.000
vt 0.7492 1.0000
vt 0.000 0.000
vt 0.000 1.0000
vt 0.4365 0.000
vt 0.4365 1.0000
vt 0.5365 0.000
vt 0.5365 1.0000
vt 0.9731 0.000
vt 0.9731 1.0000
vt 0.000 0.000
vt 0.000 1.0000
vt 2.5855 0.000
vt 2.5855 1.0000
vt 2.6855 0.000
vt 2.6855 1.0000
vt 5.2711 0.000
vt 5.2711 1.0000
vt 0.000 0.000
vt 0.000 1.0000
vt 6.8836 0.000
vt 6.8836 1.0000
vt 6.9836 0.000
vt 6.9836 1.0000
vt 13.8671 0.000
vt 13.8671 1.0000
vt 0.000 0.000
vt 0.000 1.0000
vt 0.2238 0.000
vt 0.2238 1.0000
vt 0.3238 0.000
vt 0.3238 1.0000
vt 0.5477 0.000
vt 0.5477 1.0000
vt 0.000 0.000
vt 0.000 1.0000
vt 4.0854 0.000
vt 4.0854 1.0000
vt 4.1854 0.000
vt 4.1854 1.0000
vt 8.2708 0.000
vt 8.2708 1.0000
vt 0.000 0.000
vt 0.000 1.0000
vt 3.7832 0.000
vt 3.7832 1.0000
vt 3.8832 0.000
vt 3.8832 1.0000
vt 7.6664 0.000
vt 7.6664 1.0000
vt 0.000 0.000
vt 0.000 1.0000
vt 4.2757 0.000
vt 4.2757 1.0000
vt 4.3757 0.000
vt 4.3757 1.0000
vt 8.6514 0.000
vt 8.6514 1.0000
vt 0.000 0.000
vt 0.000 1.0000
vt 0.3246 0.000
vt 0.3246 1.0000
vt 0.4246 0.000
vt 0.4246 1.0000
vt 0.7492 0.000
vt 0.7492 1.0000
vt 0.000 0.000
vt 0.000 1.0000
vt 4.4547 0.000
vt 4.4547 1.0000
vt 4.5547 0.000
vt 4.5547 1.0000
vt 9.0095 0.000
vt 9.0095 1.0000
vt 0.000 0.000
vt 0.000 1.0000
vt 4.0897 0.000
vt 4.0897 1.0000
vt 4.1897 0.000
vt 4.1897 1.0000
vt 8.2795 0.000
vt 8.2795 1.0000
vt 0.000 0.000
vt 0.000 1.0000
vt 2.6185 0.000
vt 2.6185 1.0000
vt 2.7185 0.000
vt 2.7185 1.0000
vt 5.3371 0.000
vt 5.3371 1.0000
vt 0.000 0.000
vt 0.000 1.0000
vt 3.7899 0.000
vt 3.7899 1.0000
vt 3.8899 0.000
vt 3.8899 1.0000
vt 7.6797 0.000
vt 7.6797 1.0000
vt 0.000 0.000
vt 0.000 1.0000
vt 0.8680 0.000
vt 0.8680 1.0000
vt 0.9680 0.000
vt 0.9680 1.0000
vt 1.8359 0.000
vt 1.8359 1.0000
vt 0.000 0.000
vt 0.000 1.0000
vt 0.3227 0.000
vt 0.3227 1.0000
vt 0.4227 0.000
vt 0.4227 1.0000
vt 0.7454 0.000
vt 0.7454 1.0000
vt 0.000 0.000
vt 0.000 1.0000
vt 5.2326 0.000
vt 5.2326 1.0000
vt 5.3326 0.000
vt 5.3326 1.0000
vt 10.5653 0.000
vt 10.5653 1.0000
vt 0.000 0.000
vt 0.000 1.0000
vt 0.1230 0.000
vt 0.1230 1.0000
vt 0.2230 0.000
vt 0.2230 1.0000
vt 0.3461 0.000
vt 0.3461 1.0000
vt 0.000 0.000
vt 0.000 1.0000
vt 5.1832 0.000
vt 5.1832 1.0000
vt 5.2832 0.000
vt 5.2832 1.0000
vt 10.4663 0.000
vt 10.4663 1.0000
vt 0.000 0.000
vt 0.000 1.0000
vt 3.7588 0.000
vt 3.7588 1.0000
vt 3.8588 0.000
vt 3.8588 1.0000
vt 7.6176 0.000
vt 7.6176 1.0000
vt 0.000 0.000
vt 0.000 1.0000
vt 0.1978 0.000
vt 0.1978 1.0000
vt 0.2978 0.000
vt 0.2978 1.0000
vt 0.4957 0.000
vt 0.4957 1.0000
vt 0.000 0.000
vt 0.000 1.0000
vt 10.9696 0.000
vt 10.9696 1.0000
vt 11.0696 0.000
vt 11.0696 1.0000
vt 22.0393 0.000
vt 22.0393 1.0000
vt 0.000 0.000
vt 0.000 1.0000
vt 10.6103 0.000
vt 10.6103 1.0000
vt 10.7103 0.000
vt 10.7103 1.0000
vt 21.3206 0.000
vt 21.3206 1.0000
vt 0.000 0.000
vt 0.000 1.0000
vt 1.0782 0.000
vt 1.0782 1.0000
vt 1.1782 0.000
vt 1.1782 1.0000
vt 2.2564 0.000
vt 2.2564 1.0000
vt 0.000 0.000
vt 0.000 1.0000
vt 0.3693 0.000
vt 0.3693 1.0000
vt 0.4693 0.000
vt 0.4693 1.0000
vt 0.8387 0.000
vt 0.8387 1.0000
vt 0.000 0.000
vt 0.000 1.0000
vt 5.9449 0.000
vt 5.9449 1.0000
vt 6.0449 0.000
vt 6.0449 1.0000
vt 11.9897 0.000
vt 11.9897 1.0000
vt 0.000 0.000
vt 0.000 1.0000
vt 0.3261 0.000
vt 0.3261 1.0000
vt 0.4261 0.000
vt 0.4261 1.0000
vt 0.7523 0.000
vt 0.7523 1.0000
vt 0.000 0.000
vt 0.000 1.0000
vt 4.3435 0.000
vt 4.3435 1.0000
vt 4.4435 0.000
vt 4.4435 1.0000
vt 8.7870 0.000
vt 8.7870 1.0000
vt 0.000 0.000
vt 0.000 1.0000
vt 10.8280 0.000
vt 10.8280 1.0000
vt 10.9280 0.000
vt 10.9280 1.0000
vt 21.7559 0.000
vt 21.7559 1.0000
vt 0.000 0.000
vt 0.000 1.0000
vt 0.7085 0.000
vt 0.7085 1.0000
vt 0.8085 0.000
vt 0.8085 1.0000
vt 1.5170 0.000
vt 1.5170 1.0000
vt 0.000 0.000
vt 0.000 1.0000
vt 4.9853 0.000
vt 4.9853 1.0000
vt 5.0853 0.000
vt 5.0853 1.0000
vt 10.0707 0.000
vt 10.0707 1.0000
vt 0.000 0.000
vt 0.000 1.0000
vt 0.8968 0.000
vt 0.8968 1.0000
vt 0.9968 0.000
vt 0.9968 1.0000
vt 1.8937 0.000
vt 1.8937 1.0000
vt 0.000 0.000
vt 0.000 1.0000
vt 1.1397 0.000
vt 1.1397 1.0000
vt 1.2397 0.000
vt 1.2397 1.0000
vt 2.3794 0.000
vt 2.3794 1.0000
vt 0.000 0.000
vt 0.000 1.0000
vt 1.3317 0.000
vt 1.3317 1.0000
vt 1.4317 0.000
vt 1.4317 1.0000
vt 2.7634 0.000
vt 2.7634 1.0000
vt 0.000 0.000
vt 0.000 1.0000
vt 6.8805 0.000
vt 6.8805 1.0000
vt 6.9805 0.000
vt 6.9805 1.0000
vt 13.8611 0.000
vt 13.8611 1.0000
vt 0.000 0.000
vt 0.000 1.0000
vt 0.9652 0.000
vt 0.9652 1.0000
vt 1.0652 0.000
vt 1.0652 1.0000
vt 2.0304 0.000
vt 2.0304 1.0000
vt 0.000 0.000
vt 0.000 1.0000
vt 7.5868 0.000
vt 7.5868 1.0000
vt 7.6868 0.000
vt 7.6868 1.0000
vt 15.2735 0.000
vt 15.2735 1.0000
vt 0.000 0.000
vt 0.000 1.0000
vt 1.7093 0.000
vt 1.7093 1.0000
vt 1.8093 0.000
vt 1.8093 1.0000
vt 3.5187 0.000
vt 3.5187 1.0000
vt 0.000 0.000
vt 0.000 1.0000
vt 2.6407 0.000
vt 2.6407 1.0000
vt 2.7407 0.000
vt 2.7407 1.0000
vt 5.3815 0.000
vt 5.3815 1.0000
vt 0.000 0.000
vt 0.000 1.0000
vt 5.2621 0.000
vt 5.2621 1.0000
vt 5.3621 0.000
vt 5.3621 1.0000
vt 10.6241 0.000
vt 10.6241 1.0000
vt 0.000 0.000
vt 0.000 1.0000
vt 2.4782 0.000
vt 2.4782 1.0000
vt 2.5782 0.000
vt 2.5782 1.0000
vt 5.0565 0.000
vt 5.0565 1.0000
vt 0.000 0.000
vt 0.000 1.0000
vt 4.0399 0.000
vt 4.0399 1.0000
vt 4.1399 0.000
vt 4.1399 1.0000
vt 8.1797 0.000
vt 8.1797 1.0000
vt 0.000 0.000
vt 0.000 1.0000
vt 1.9640 0.000
vt 1.9640 1.0000
vt 2.0640 0.000
vt 2.0640 1.0000
vt 4.0281 0.000
vt 4.0281 1.0000
vt 0.000 0.000
vt 0.000 1.0000
vt 0.3069 0.000
vt 0.3069 1.0000
vt 0.4069 0.000
vt 0.4069 1.0000
vt 0.7138 0.000
vt 0.7138 1.0000
vt 0.000 0.000
vt 0.000 1.0000
vt 8.8436 0.000
vt 8.8436 1.0000
vt 8.9436 0.000
vt 8.9436 1.0000
vt 17.7873 0.000
vt 17.7873 1.0000
vt 0.000 0.000
vt 0.000 1.0000
vt 0.1792 0.000
vt 0.1792 1.0000
vt 0.2792 0.000
vt 0.2792 1.0000
vt 0.4583 0.000
vt 0.4583 1.0000
vt 0.000 0.000
vt 0.000 1.0000
vt 1.9491 0.000
vt 1.9491 1.0000
vt 2.0491 0.000
vt 2.0491 1.0000
vt 3.9983 0.000
vt 3.9983 1.0000
vt 0.000 0.000
vt 0.000 1.0000
vt 0.7545 0.000
vt 0.7545 1.0000
vt 0.8545 0.000
vt 0.8545 1.0000
vt 1.6089 0.000
vt 1.6089 1.0000
vt 0.000 0.000
vt 0.000 1.0000
vt 0.2955 0.000
vt 0.2955 1.0000
vt 0.3955 0.000
vt 0.3955 1.0000
vt 0.6910 0.000
vt 0.6910 1.0000
vt 0.000 0.000
vt 0.000 1.0000
vt 7.8392 0.000
vt 7.8392 1.0000
vt 7.9392 0.000
vt 7.9392 1.0000
vt 15.7785 0.000
vt 15.7785 1.0000
vt 0.000 0.000
vt 0.000 1.0000
vt 1.3350 0.000
vt 1.3350 1.0000
vt 1.4350 0.000
vt 1.4350 1.0000
vt 2.7700 0.000
vt 2.7700 1.0000
vt 0.000 0.000
vt 0.000 1.0000
vt 2.6188 0.000
vt 2.6188 1.0000
vt 2.7188 0.000
vt 2.7188 1.0000
vt 5.3377 0.000
vt 5.3377 1.0000
vt 0.000 0.000
vt 0.000 1.0000
vt 3.8172 0.000
vt 3.8172 1.0000
vt 3.9172 0.000
vt 3.9172 1.0000
vt 7.7344 0.000
vt 7.7344 1.0000
vt 0.000 0.000
vt 0.000 1.0000
vt 0.3326 0.000
vt 0.3326 1.0000
vt 0.4326 0.000
vt 0.4326 1.0000
vt 0.7653 0.000
vt 0.7653 1.0000
vt 0.000 0.000
vt 0.000 1.0000
vt 0.3074 0.000
vt 0.3074 1.0000
vt 0.4074 0.000
vt 0.4074 1.0000
vt 0.7148 0.000
vt 0.7148 1.0000
vt 0.000 0.000
vt 0.000 1.0000
vt 0.3288 0.000
vt 0.3288 1.0000
vt 0.4288 0.000
vt 0.4288 1.0000
vt 0.7575 0.000
vt 0.7575 1.0000
vt 0.000 0.000
vt 0.000 1.0000
vt 1.1366 0.000
vt 1.1366 1.0000
vt 1.2366 0.000
vt 1.2366 1.0000
vt 2.3731 0.000
vt 2.3731 1.0000
vt 0.000 0.000
vt 0.000 1.0000
vt 0.9616 0.000
vt 0.9616 1.0000
vt 1.0616 0.000
vt 1.0616 1.0000
vt 2.0232 0.000
vt 2.0232 1.0000
vt 0.000 0.000
vt 0.000 1.0000
vt 0.9143 0.000
vt 0.9143 1.0000
vt 1.0143 0.000
vt 1.0143 1.0000
vt 1.9285 0.000
vt 1.9285 1.0000
vt 0.000 0.000
vt 0.000 1.0000
vt 0.6511 0.000
vt 0.6511 1.0000
vt 0.7511 0.000
vt 0.7511 1.0000
vt 1.4022 0.000
vt 1.4022 1.0000
vt 0.000 0.000
vt 0.000 1.0000
vt 0.2526 0.000
vt 0.2526 1.0000
vt 0.3526 0.000
vt 0.3526 1.0000
vt 0.6053 0.000
vt 0.6053 1.0000
vt 0.000 0.000
vt 0.000 1.0000
vt 2.7530 0.000
vt 2.7530 1.0000
vt 2.8530 0.000
vt 2.8530 1.0000
vt 5.6060 0.000
vt 5.6060 1.0000
vt 0.000 0.000
vt 0.000 1.0000
vt 1.4422 0.000
vt 1.4422 1.0000
vt 1.5422 0.000
vt 1.5422 1.0000
vt 2.9844 0.000
vt 2.9844 1.0000
vt 0.000 0.000
vt 0.000 1.0000
vt 11.7425 0.000
vt 11.7425 1.0000
vt 11.8425 0.000
vt 11.8425 1.0000
vt 23.5851 0.000
vt 23.5851 1.0000
vt 0.000 0.000
vt 0.000 1.0000
vt 0.2123 0.000
vt 0.2123 1.0000
vt 0.3123 0.000
vt 0.3123 1.0000
vt 0.5246 0.000
vt 0.5246 1.0000
vt 0.000 0.000
vt 0.000 1.0000
vt 1.1518 0.000
vt 1.1518 1.0000
vt 1.2518 0.000
vt 1.2518 1.0000
vt 2.4036 0.000
vt 2.4036 1.0000
vt 0.000 0.000
vt 0.000 1.0000
vt 3.4781 0.000
vt 3.4781 1.0000
vt 3.5781 0.000
vt 3.5781 1.0000
vt 7.0561 0.000
vt 7.0561 1.0000
vt 0.000 0.000
vt 0.000 1.0000
vt 1.2083 0.000
vt 1.2083 1.0000
vt 1.3083 0.000
vt 1.3083 1.0000
vt 2.5165 0.000
vt 2.5165 1.0000
vt 0.000 0.000
vt 0.000 1.0000
vt 0.2823 0.000
vt 0.2823 1.0000
vt 0.3823 0.000
vt 0.3823 1.0000
vt 0.6646 0.000
vt 0.6646 1.0000
vt 0.000 0.000
vt 0.000 1.0000
vt 1.1067 0.000
vt 1.1067 1.0000
vt 1.2067 0.000
vt 1.2067 1.0000
vt 2.3133 0.000
vt 2.3133 1.0000
vt 0.000 0.000
vt 0.000 1.0000
vt 2.5069 0.000
vt 2.5069 1.0000
vt 2.6069 0.000
vt 2.6069 1.0000
vt 5.1138 0.000
vt 5.1138 1.0000
vt 0.000 0.000
vt 0.000 1.0000
vt 0.8921 0.000
vt 0.8921 1.0000
vt 0.9921 0.000
vt 0.9921 1.0000
vt 1.8842 0.000
vt 1.8842 1.0000
vt 0.000 0.000
vt 0.000 1.0000
vt 0.2146 0.000
vt 0.2146 1.0000
vt 0.3146 0.000
vt 0.3146 1.0000
vt 0.5291 0.000
vt 0.5291 1.0000
vt 0.000 0.000
vt 0.000 1.0000
vt 0.9147 0.000
vt 0.9147 1.0000
vt 1.0147 0.000
vt 1.0147 1.0000
vt 1.9293 0.000
vt 1.9293 1.0000
vt 0.000 0.000
vt 0.000 1.0000
vt 7.4501 0.000
vt 7.4501 1.0000
vt 7.5501 0.000
vt 7.5501 1.0000
vt 15.0002 0.000
vt 15.0002 1.0000
vt 0.000 0.000
vt 0.000 1.0000
vt 0.6990 0.000
vt 0.6990 1.0000
vt 0.7990 0.000
vt 0.7990 1.0000
vt 1.4980 0.000
vt 1.4980 1.0000
vt 0.000 0.000
vt 0.000 1.0000
vt 0.3099 0.000
vt 0.3099 1.0000
vt 0.4099 0.000
vt 0.4099 1.0000
vt 0.7197 0.000
vt 0.7197 1.0000
vt 0.000 0.000
vt 0.000 1.0000
vt 0.3007 0.000
vt 0.3007 1.0000
vt 0.4007 0.000
vt 0.4007 1.0000
vt 0.7013 0.000
vt 0.7013 1.0000
vt 0.000 0.000
vt 0.000 1.0000
vt 10.2193 0.000
vt 10.2193 1.0000
vt 10.3193 0.000
vt 10.3193 1.0000
vt 20.5386 0.000
vt 20.5386 1.0000
vt 0.000 0.000
vt 0.000 1.0000
vt 13.5270 0.000
vt 13.5270 1.0000
vt 13.6270 0.000
vt 13.6270 1.0000
vt 27.1541 0.000
vt 27.1541 1.0000
vt 0.000 0.000
vt 0.000 1.0000
vt 0.2312 0.000
vt 0.2312 1.0000
vt 0.3312 0.000
vt 0.3312 1.0000
vt 0.5624 0.000
vt 0.5624 1.0000
vt 0.000 0.000
vt 0.000 1.0000
vt 0.3901 0.000
vt 0.3901 1.0000
vt 0.4901 0.000
vt 0.4901 1.0000
vt 0.8802 0.000
vt 0.8802 1.0000
vt 0.000 0.000
vt 0.000 1.0000
vt 1.0945 0.000
vt 1.0945 1.0000
vt 1.1945 0.000
vt 1.1945 1.0000
vt 2.2890 0.000
vt 2.2890 1.0000
vt 0.000 0.000
vt 0.000 1.0000
vt 0.3179 0.000
vt 0.3179 1.0000
vt 0.4179 0.000
vt 0.4179 1.0000
vt 0.7358 0.000
vt 0.7358 1.0000
vt 0.000 0.000
vt 0.000 1.0000
vt 1.0548 0.000
vt 1.0548 1.0000
vt 1.1548 0.000
vt 1.1548 1.0000
vt 2.2096 0.000
vt 2.2096 1.0000
vt 0.000 0.000
vt 0.000 1.0000
vt 0.2746 0.000
vt 0.2746 1.0000
vt 0.3746 0.000
vt 0.3746 1.0000
vt 0.6492 0.000
vt 0.6492 1.0000
vt 0.000 0.000
vt 0.000 1.0000
vt 0.7152 0.000
vt 0.7152 1.0000
vt 0.8152 0.000
vt 0.8152 1.0000
vt 1.5304 0.000
vt 1.5304 1.0000
vt 0.000 0.000
vt 0.000 1.0000
vt 7.4355 0.000
vt 7.4355 1.0000
vt 7.5355 0.000
vt 7.5355 1.0000
vt 14.9711 0.000
vt 14.9711 1.0000
vt 0.000 0.000
vt 0.000 1.0000
vt 5.0573 0.000
vt 5.0573 1.0000
vt 5.1573 0.000
vt 5.1573 1.0000
vt 10.2147 0.000
vt 10.2147 1.0000
vt 0.000 0.000
vt 0.000 1.0000
vt 5.1355 0.000
vt 5.1355 1.0000
vt 5.2355 0.000
vt 5.2355 1.0000
vt 10.3711 0.000
vt 10.3711 1.0000
vt 0.000 0.000
vt 0.000 1.0000
vt 0.1460 0.000
vt 0.1460 1.0000
vt 0.2460 0.000
vt 0.2460 1.0000
vt 0.3919 0.000
vt 0.3919 1.0000
vn 0.0000 0.0000 1.0000
vn 0.0000 1.0000 0.0000
vn -1.0000 0.0000 0.0000
vn 0.0000 -1.0000 0.0000
vn 1.0000 0.0000 0.0000
vn 1.0000 0.0000 0.0000
vn -0.0000 1.0000 0.0000
vn -1.0000 -0.0000 0.0000
vn 0.0000 -1.0000 0.0000
vn 0.0000 1.0000 0.0000
vn -1.0000 0.0000 0.0000
vn 0.0000 -1.0000 0.0000
vn 1.0000 0.0000 0.0000
vn 1.0000 0.0000 0.0000
vn -0.0000 1.0000 0.0000
vn -1.0000 -0.0000 0.0000
vn 0.0000 -1.0000 0.0000
vn 0.0000 1.0000 0.0000
vn -1.0000 0.0000 0.0000
vn 0.0000 -1.0000 0.0000
vn 1.0000 0.0000 0.0000
vn 1.0000 0.0000 0.0000
vn -0.0000 1.0000 0.0000
vn -1.0000 -0.0000 0.0000
vn 0.0000 -1.0000 0.0000
vn -0.9437 0.3308 0.0000
vn -0.3308 -0.9437 0.0000
vn 0.9437 -0.3308 0.0000
vn 0.3308 0.9437 0.0000
vn 0.2792 0.9602 0.0000
vn -0.9602 0.2792 0.0000
vn -0.2792 -0.9602 0.0000
vn 0.9602 -0.2792 0.0000
vn 0.9452 -0.3266 0.0000
vn 0.3266 0.9452 0.0000
vn -0.9452 0.3266 0.0000
vn -0.3266 -0.9452 0.0000
vn 0.8196 0.5729 0.0000
vn -0.5729 0.8196 0.0000
vn -0.8196 -0.5729 0.0000
vn 0.5729 -0.8196 0.0000
vn 0.5841 -0.8117 0.0000
vn 0.8117 0.5841 0.0000
vn -0.5841 0.8117 0.0000
vn -0.8117 -0.5841 0.0000
vn -0.8172 -0.5763 0.0000
vn 0.5763 -0.8172 0.0000
vn 0.8172 0.5763 0.0000
vn -0.5763 0.8172 0.0000
vn -0.9502 0.3117 0.0000
vn -0.3117 -0.9502 0.0000
vn 0.9502 -0.3117 0.0000
vn 0.3117 0.9502 0.0000
vn 0.3584 0.9336 0.0000
vn -0.9336 0.3584 0.0000
vn -0.3584 -0.9336 0.0000
vn 0.9336 -0.3584 0.0000
vn -0.9636 0.2673 0.0000
vn -0.2673 -0.9636 0.0000
vn 0.9636 -0.2673 0.0000
vn 0.2673 0.9636 0.0000
vn -0.9492 0.3147 0.0000
vn -0.3147 -0.9492 0.0000
vn 0.9492 -0.3147 0.0000
vn 0.3147 0.9492 0.0000
vn -0.3206 -0.9472 0.0000
vn 0.9472 -0.3206 0.0000
vn 0.3206 0.9472 0.0000
vn -0.9472 0.3206 0.0000
vn 0.9548 -0.2973 0.0000
vn 0.2973 0.9548 0.0000
vn -0.9548 0.2973 0.0000
vn -0.2973 -0.9548 0.0000
vn 0.2232 0.9748 0.0000
vn -0.9748 0.2232 0.0000
vn -0.2232 -0.9748 0.0000
vn 0.9748 -0.2232 0.0000
vn -0.9695 0.2452 0.0000
vn -0.2452 -0.9695 0.0000
vn 0.9695 -0.2452 0.0000
vn 0.2452 0.9695 0.0000
vn 0.0029 1.0000 0.0000
vn -1.0000 0.0029 0.0000
vn -0.0029 -1.0000 0.0000
vn 1.0000 -0.0029 0.0000
vn 1.0000 0.0000 0.0000
vn -0.0000 1.0000 0.0000
vn -1.0000 -0.0000 0.0000
vn 0.0000 -1.0000 0.0000
vn 1.0000 0.0000 0.0000
vn -0.0000 1.0000 0.0000
vn -1.0000 -0.0000 0.0000
vn 0.0000 -1.0000 0.0000
vn 0.0000 1.0000 0.0000
vn -1.0000 0.0000 0.0000
vn 0.0000 -1.0000 0.0000
vn 1.0000 0.0000 0.0000
vn -1.0000 0.0000 0.0000
vn -0.0000 -1.0000 0.0000
vn 1.0000 -0.0000 0.0000
vn 0.0000 1.0000 0.0000
vn -0.0000 -1.0000 0.0000
vn 1.0000 -0.0000 0.0000
vn 0.0000 1.0000 0.0000
vn -1.0000 0.0000 0.0000
vn 0.9477 -0.3193 0.0000
vn 0.3193 0.9477 0.0000
vn -0.9477 0.3193 0.0000
vn -0.3193 -0.9477 0.0000
vn 0.0000 1.0000 0.0000
vn -1.0000 0.0000 0.0000
vn 0.0000 -1.0000 0.0000
vn 1.0000 0.0000 0.0000
vn -1.0000 0.0000 0.0000
vn -0.0000 -1.0000 0.0000
vn 1.0000 -0.0000 0.0000
vn 0.0000 1.0000 0.0000
vn 0.0097 -1.0000 0.0000
vn 1.0000 0.0097 0.0000
vn -0.0097 1.0000 0.0000
vn -1.0000 -0.0097 0.0000
vn 0.0000 1.0000 0.0000
vn -1.0000 0.0000 0.0000
vn 0.0000 -1.0000 0.0000
vn 1.0000 0.0000 0.0000
vn 1.0000 0.0000 0.0000
vn -0.0000 1.0000 0.0000
vn -1.0000 -0.0000 0.0000
vn 0.0000 -1.0000 0.0000
vn 0.0000 1.0000 0.0000
vn -1.0000 0.0000 0.0000
vn 0.0000 -1.0000 0.0000
vn 1.0000 0.0000 0.0000
vn 1.0000 0.0000 0.0000
vn -0.0000 1.0000 0.0000
vn -1.0000 -0.0000 0.0000
vn 0.0000 -1.0000 0.0000
vn 1.0000 0.0000 0.0000
vn -0.0000 1.0000 0.0000
vn -1.0000 -0.0000 0.0000
vn 0.0000 -1.0000 0.0000
vn 0.0000 1.0000 0.0000
vn -1.0000 0.0000 0.0000
vn 0.0000 -1.0000 0.0000
vn 1.0000 0.0000 0.0000
vn 0.0000 1.0000 0.0000
vn -1.0000 0.0000 0.0000
vn 0.0000 -1.0000 0.0000
vn 1.0000 0.0000 0.0000
vn -1.0000 0.0000 0.0000
vn -0.0000 -1.0000 0.0000
vn 1.0000 -0.0000 0.0000
vn 0.0000 1.0000 0.0000
vn -0.0000 -1.0000 0.0000
vn 1.0000 -0.0000 0.0000
vn 0.0000 1.0000 0.0000
vn -1.0000 0.0000 0.0000
vn -1.0000 0.0000 0.0000
vn -0.0000 -1.0000 0.0000
vn 1.0000 -0.0000 0.0000
vn 0.0000 1.0000 0.0000
vn -0.0000 -1.0000 0.0000
vn 1.0000 -0.0000 0.0000
vn 0.0000 1.0000 0.0000
vn -1.0000 0.0000 0.0000
vn -1.0000 0.0000 0.0000
vn -0.0000 -1.0000 0.0000
vn 1.0000 -0.0000 0.0000
vn 0.0000 1.0000 0.0000
vn 0.0000 1.0000 0.0000
vn -1.0000 0.0000 0.0000
vn 0.0000 -1.0000 0.0000
vn 1.0000 0.0000 0.0000
vn -1.0000 0.0000 0.0000
vn -0.0000 -1.0000 0.0000
vn 1.0000 -0.0000 0.0000
vn 0.0000 1.0000 0.0000
vn 0.0000 1.0000 0.0000
vn -1.0000 0.0000 0.0000
vn 0.0000 -1.0000 0.0000
vn 1.0000 0.0000 0.0000
vn 1.0000 0.0000 0.0000
vn -0.0000 1.0000 0.0000
vn -1.0000 -0.0000 0.0000
vn 0.0000 -1.0000 0.0000
vn 0.0000 1.0000 0.0000
vn -1.0000 0.0000 0.0000
vn 0.0000 -1.0000 0.0000
vn 1.0000 0.0000 0.0000
vn -1.0000 0.0000 0.0000
vn -0.0000 -1.0000 0.0000
vn 1.0000 -0.0000 0.0000
vn 0.0000 1.0000 0.0000
vn 0.0000 1.0000 0.0000
vn -1.0000 0.0000 0.0000
vn 0.0000 -1.0000 0.0000
vn 1.0000 0.0000 0.0000
vn 1.0000 0.0000 0.0000
vn -0.0000 1.0000 0.0000
vn -1.0000 -0.0000 0.0000
vn 0.0000 -1.0000 0.0000
vn 0.0000 1.0000 0.0000
vn -1.0000 0.0000 0.0000
vn 0.0000 -1.0000 0.0000
vn 1.0000 0.0000 0.0000
vn -1.0000 0.0000 0.0000
vn -0.0000 -1.0000 0.0000
vn 1.0000 -0.0000 0.0000
vn 0.0000 1.0000 0.0000
vn -0.0000 -1.0000 0.0000
vn 1.0000 -0.0000 0.0000
vn 0.0000 1.0000 0.0000
vn -1.0000 0.0000 0.0000
vn -1.0000 0.0000 0.0000
vn -0.0000 -1.0000 0.0000
vn 1.0000 -0.0000 0.0000
vn 0.0000 1.0000 0.0000
vn 0.0000 1.0000 0.0000
vn -1.0000 0.0000 0.0000
vn 0.0000 -1.0000 0.0000
vn 1.0000 0.0000 0.0000
vn 1.0000 0.0000 0.0000
vn -0.0000 1.0000 0.0000
vn -1.0000 -0.0000 0.0000
vn 0.0000 -1.0000 0.0000
vn 0.0000 1.0000 0.0000
vn -1.0000 0.0000 0.0000
vn 0.0000 -1.0000 0.0000
vn 1.0000 0.0000 0.0000
vn 0.0000 1.0000 0.0000
vn -1.0000 0.0000 0.0000
vn 0.0000 -1.0000 0.0000
vn 1.0000 0.0000 0.0000
vn -1.0000 0.0000 0.0000
vn -0.0000 -1.0000 0.0000
vn 1.0000 -0.0000 0.0000
vn 0.0000 1.0000 0.0000
vn 0.0000 1.0000 0.0000
vn -1.0000 0.0000 0.0000
vn 0.0000 -1.0000 0.0000
vn 1.0000 0.0000 0.0000
vn 1.0000 0.0000 0.0000
vn -0.0000 1.0000 0.0000
vn -1.0000 -0.0000 0.0000
vn 0.0000 -1.0000 0.0000
vn 0.0000 1.0000 0.0000
vn -1.0000 0.0000 0.0000
vn 0.0000 -1.0000 0.0000
vn 1.0000 0.0000 0.0000
vn 1.0000 0.0000 0.0000
vn -0.0000 1.0000 0.0000
vn -1.0000 -0.0000 0.0000
vn 0.0000 -1.0000 0.0000
vn -0.0000 -1.0000 0.0000
vn 1.0000 -0.0000 0.0000
vn 0.0000 1.0000 0.0000
vn -1.0000 0.0000 0.0000
vn -1.0000 0.0000 0.0000
vn -0.0000 -1.0000 0.0000
vn 1.0000 -0.0000 0.0000
vn 0.0000 1.0000 0.0000
vn -0.0000 -1.0000 0.0000
vn 1.0000 -0.0000 0.0000
vn 0.0000 1.0000 0.0000
vn -1.0000 0.0000 0.0000
vn 1.0000 0.0034 0.0000
vn -0.0034 1.0000 0.0000
vn -1.0000 -0.0034 0.0000
vn 0.0034 -1.0000 0.0000
vn 0.0230 0.9997 0.0000
vn -0.9997 0.0230 0.0000
vn -0.0230 -0.9997 0.0000
vn 0.9997 -0.0230 0.0000
vn -1.0000 -0.0098 0.0000
vn 0.0098 -1.0000 0.0000
vn 1.0000 0.0098 0.0000
vn -0.0098 1.0000 0.0000
vn 0.0000 1.0000 0.0000
vn -1.0000 0.0000 0.0000
vn 0.0000 -1.0000 0.0000
vn 1.0000 0.0000 0.0000
vn -0.2491 0.9685 0.0000
vn -0.9685 -0.2491 0.0000
vn 0.2491 -0.9685 0.0000
vn 0.9685 0.2491 0.0000
vn 1.0000 0.0000 0.0000
vn -0.0000 1.0000 0.0000
vn -1.0000 -0.0000 0.0000
vn 0.0000 -1.0000 0.0000
vn -0.0000 -1.0000 0.0000
vn 1.0000 -0.0000 0.0000
vn 0.0000 1.0000 0.0000
vn -1.0000 0.0000 0.0000
vn -0.5753 0.8180 0.0000
vn -0.8180 -0.5753 0.0000
vn 0.5753 -0.8180 0.0000
vn 0.8180 0.5753 0.0000
vn 0.8000 0.6000 0.0000
vn -0.6000 0.8000 0.0000
vn -0.8000 -0.6000 0.0000
vn 0.6000 -0.8000 0.0000
vn 0.0000 1.0000 0.0000
vn -1.0000 0.0000 0.0000
vn 0.0000 -1.0000 0.0000
vn 1.0000 0.0000 0.0000
vn 1.0000 0.0000 0.0000
vn -0.0000 1.0000 0.0000
vn -1.0000 -0.0000 0.0000
vn 0.0000 -1.0000 0.0000
vn -0.0009 -1.0000 0.0000
vn 1.0000 -0.0009 0.0000
vn 0.0009 1.0000 0.0000
vn -1.0000 0.0009 0.0000
vn -0.8003 -0.5996 0.0000
vn 0.5996 -0.8003 0.0000
vn 0.8003 0.5996 0.0000
vn -0.5996 0.8003 0.0000
vn 0.0000 1.0000 0.0000
vn -1.0000 0.0000 0.0000
vn 0.0000 -1.0000 0.0000
vn 1.0000 0.0000 0.0000
vn 0.0000 1.0000 0.0000
vn -1.0000 0.0000 0.0000
vn 0.0000 -1.0000 0.0000
vn 1.0000 0.0000 0.0000
vn 0.0000 1.0000 0.0000
vn -1.0000 0.0000 0.0000
vn 0.0000 -1.0000 0.0000
vn 1.0000 0.0000 0.0000
vn 0.0000 1.0000 0.0000
vn -1.0000 0.0000 0.0000
vn 0.0000 -1.0000 0.0000
vn 1.0000 0.0000 0.0000
vn 0.0000 1.0000 0.0000
vn -1.0000 0.0000 0.0000
vn 0.0000 -1.0000 0.0000
vn 1.0000 0.0000 0.0000
vn 1.0000 0.0000 0.0000
vn -0.0000 1.0000 0.0000
vn -1.0000 -0.0000 0.0000
vn 0.0000 -1.0000 0.0000
vn 0.0000 1.0000 0.0000
vn -1.0000 0.0000 0.0000
vn 0.0000 -1.0000 0.0000
vn 1.0000 0.0000 0.0000
vn 1.0000 0.0000 0.0000
vn -0.0000 1.0000 0.0000
vn -1.0000 -0.0000 0.0000
vn 0.0000 -1.0000 0.0000
vn -0.0109 0.9999 0.0000
vn -0.9999 -0.0109 0.0000
vn 0.0109 -0.9999 0.0000
vn 0.9999 0.0109 0.0000
vn 1.0000 0.0000 0.0000
vn -0.0000 1.0000 0.0000
vn -1.0000 -0.0000 0.0000
vn 0.0000 -1.0000 0.0000
vn 0.9110 -0.4124 0.0000
vn 0.4124 0.9110 0.0000
vn -0.9110 0.4124 0.0000
vn -0.4124 -0.9110 0.0000
vn -0.0000 -1.0000 0.0000
vn 1.0000 -0.0000 0.0000
vn 0.0000 1.0000 0.0000
vn -1.0000 0.0000 0.0000
vn 0.5369 -0.8436 0.0000
vn 0.8436 0.5369 0.0000
vn -0.5369 0.8436 0.0000
vn -0.8436 -0.5369 0.0000
vn 0.0000 1.0000 0.0000
vn -1.0000 0.0000 0.0000
vn 0.0000 -1.0000 0.0000
vn 1.0000 0.0000 0.0000
vn 0.0000 1.0000 0.0000
vn -1.0000 0.0000 0.0000
vn 0.0000 -1.0000 0.0000
vn 1.0000 0.0000 0.0000
vn 1.0000 0.0000 0.0000
vn -0.0000 1.0000 0.0000
vn -1.0000 -0.0000 0.0000
vn 0.0000 -1.0000 0.0000
vn 0.0000 1.0000 0.0000
vn -1.0000 0.0000 0.0000
vn 0.0000 -1.0000 0.0000
vn 1.0000 0.0000 0.0000
vn -1.0000 0.0000 0.0000
vn -0.0000 -1.0000 0.0000
vn 1.0000 -0.0000 0.0000
vn 0.0000 1.0000 0.0000
vn 0.0000 1.0000 0.0000
vn -1.0000 0.0000 0.0000
vn 0.0000 -1.0000 0.0000
vn 1.0000 0.0000 0.0000
vn 0.9997 0.0238 0.0000
vn -0.0238 0.9997 0.0000
vn -0.9997 -0.0238 0.0000
vn 0.0238 -0.9997 0.0000
vn -1.0000 0.0000 0.0000
vn -0.0000 -1.0000 0.0000
vn 1.0000 -0.0000 0.0000
vn 0.0000 1.0000 0.0000
vn -1.0000 0.0000 0.0000
vn -0.0000 -1.0000 0.0000
vn 1.0000 -0.0000 0.0000
vn 0.0000 1.0000 0.0000
vn -1.0000 0.0000 0.0000
vn -0.0000 -1.0000 0.0000
vn 1.0000 -0.0000 0.0000
vn 0.0000 1.0000 0.0000
vn 0.0000 1.0000 0.0000
vn -1.0000 0.0000 0.0000
vn 0.0000 -1.0000 0.0000
vn 1.0000 0.0000 0.0000
vn 0.4515 0.8923 0.0000
vn -0.8923 0.4515 0.0000
vn -0.4515 -0.8923 0.0000
vn 0.8923 -0.4515 0.0000
vn -1.0000 0.0000 0.0000
vn -0.0000 -1.0000 0.0000
vn 1.0000 -0.0000 0.0000
vn 0.0000 1.0000 0.0000
vn 0.0000 1.0000 0.0000
vn -1.0000 0.0000 0.0000
vn 0.0000 -1.0000 0.0000
vn 1.0000 0.0000 0.0000
vn 1.0000 0.0000 0.0000
vn -0.0000 1.0000 0.0000
vn -1.0000 -0.0000 0.0000
vn 0.0000 -1.0000 0.0000
vn 0.0000 1.0000 0.0000
vn -1.0000 0.0000 0.0000
vn 0.0000 -1.0000 0.0000
vn 1.0000 0.0000 0.0000
vn -1.0000 0.0000 0.0000
vn -0.0000 -1.0000 0.0000
vn 1.0000 -0.0000 0.0000
vn 0.0000 1.0000 0.0000
vn 0.0000 1.0000 0.0000
vn -1.0000 0.0000 0.0000
vn 0.0000 -1.0000 0.0000
vn 1.0000 0.0000 0.0000
vn 1.0000 0.0000 0.0000
vn -0.0000 1.0000 0.0000
vn -1.0000 -0.0000 0.0000
vn 0.0000 -1.0000 0.0000
vn 0.0000 1.0000 0.0000
vn -1.0000 0.0000 0.0000
vn 0.0000 -1.0000 0.0000
vn 1.0000 0.0000 0.0000
vn -1.0000 0.0000 0.0000
vn -0.0000 -1.0000 0.0000
vn 1.0000 -0.0000 0.0000
vn 0.0000 1.0000 0.0000
vn 0.0000 1.0000 0.0000
vn -1.0000 0.0000 0.0000
vn 0.0000 -1.0000 0.0000
vn 1.0000 0.0000 0.0000
vn 1.0000 0.0000 0.0000
vn -0.0000 1.0000 0.0000
vn -1.0000 -0.0000 0.0000
vn 0.0000 -1.0000 0.0000
vn 0.0000 1.0000 0.0000
vn -1.0000 0.0000 0.0000
vn 0.0000 -1.0000 0.0000
vn 1.0000 0.0000 0.0000
vn 1.0000 0.0000 0.0000
vn -0.0000 1.0000 0.0000
vn -1.0000 -0.0000 0.0000
vn 0.0000 -1.0000 0.0000
vn -0.0000 -1.0000 0.0000
vn 1.0000 -0.0000 0.0000
vn 0.0000 1.0000 0.0000
vn -1.0000 0.0000 0.0000
vn -1.0000 0.0000 0.0000
vn -0.0000 -1.0000 0.0000
vn 1.0000 -0.0000 0.0000
vn 0.0000 1.0000 0.0000
vn -1.0000 0.0000 0.0000
vn -0.0000 -1.0000 0.0000
vn 1.0000 -0.0000 0.0000
vn 0.0000 1.0000 0.0000
vn -0.0041 1.0000 0.0000
vn -1.0000 -0.0041 0.0000
vn 0.0041 -1.0000 0.0000
vn 1.0000 0.0041 0.0000
vn 1.0000 0.0000 0.0000
vn -0.0000 1.0000 0.0000
vn -1.0000 -0.0000 0.0000
vn 0.0000 -1.0000 0.0000
vn 0.0000 1.0000 0.0000
vn -1.0000 0.0000 0.0000
vn 0.0000 -1.0000 0.0000
vn 1.0000 0.0000 0.0000
vn 1.0000 0.0000 0.0000
vn -0.0000 1.0000 0.0000
vn -1.0000 -0.0000 0.0000
vn 0.0000 -1.0000 0.0000
vn 0.0000 1.0000 0.0000
vn -1.0000 0.0000 0.0000
vn 0.0000 -1.0000 0.0000
vn 1.0000 0.0000 0.0000
vn -1.0000 0.0000 0.0000
vn -0.0000 -1.0000 0.0000
vn 1.0000 -0.0000 0.0000
vn 0.0000 1.0000 0.0000
vn -0.9997 0.0262 0.0000
vn -0.0262 -0.9997 0.0000
vn 0.9997 -0.0262 0.0000
vn 0.0262 0.9997 0.0000
vn 0.0050 -1.0000 0.0000
vn 1.0000 0.0050 0.0000
vn -0.0050 1.0000 0.0000
vn -1.0000 -0.0050 0.0000
vn 0.0000 1.0000 0.0000
vn -1.0000 0.0000 0.0000
vn 0.0000 -1.0000 0.0000
vn 1.0000 0.0000 0.0000
vn 0.0000 1.0000 0.0000
vn -1.0000 0.0000 0.0000
vn 0.0000 -1.0000 0.0000
vn 1.0000 0.0000 0.0000
vn 0.0000 1.0000 0.0000
vn -1.0000 0.0000 0.0000
vn 0.0000 -1.0000 0.0000
vn 1.0000 0.0000 0.0000
vn -0.8004 0.5994 0.0000
vn -0.5994 -0.8004 0.0000
vn 0.8004 -0.5994 0.0000
vn 0.5994 0.8004 0.0000
usemtl wall_1
s off
g walls
f 1/1/2 2/2/2 3/3/2
f 4/4/2 3/3/2 2/2/2
f 3/3/3 4/4/3 5/5/3
f 6/6/3 5/5/3 4/4/3
f 5/5/4 6/6/4 7/7/4
f 8/8/4 7/7/4 6/6/4
f 7/7/5 8/8/5 1/1/5
f 2/2/5 1/1/5 8/8/5
f 2/1/1 6/1/1 4/1/1
f 2/1/1 8/1/1 6/1/1
f 9/9/6 10/10/6 11/11/6
f 12/12/6 11/11/6 10/10/6
f 11/11/7 12/12/7 13/13/7
f 14/14/7 13/13/7 12/12/7
f 13/13/8 14/14/8 15/15/8
f 16/16/8 15/15/8 14/14/8
f 15/15/9 16/16/9 9/9/9
f 10/10/9 9/9/9 16/16/9
f 10/1/1 14/1/1 12/1/1
f 10/1/1 16/1/1 14/1/1
f 17/17/10 18/18/10 19/19/10
f 20/20/10 19/19/10 18/18/10
f 19/19/11 20/20/11 21/21/11
f 22/22/11 21/21/11 20/20/11
f 21/21/12 22/22/12 23/23/12
f 24/24/12 23/23/12 22/22/12
f 23/23/13 24/24/13 17/17/13
f 18/18/13 17/17/13 24/24/13
f 18/1/1 22/1/1 20/1/1
f 18/1/1 24/1/1 22/1/1
f 25/25/14 26/26/14 27/27/14
f 28/28/14 27/27/14 26/26/14
f 27/27/15 28/28/15 29/29/15
f 30/30/15 29/29/15 28/28/15
f 29/29/16 30/30/16 31/31/16
f 32/32/16 31/31/16 30/30/16
f 31/31/17 32/32/17 25/25/17
f 26/26/17 25/25/17 32/32/17
f 26/1/1 30/1/1 28/1/1
f 26/1/1 32/1/1 30/1/1
f 33/33/18 34/34/18 35/35/18
f 36/36/18 35/35/18 34/34/18
f 35/35/19 36/36/19 37/37/19
f 38/38/19 37/37/19 36/36/19
f 37/37/20 38/38/20 39/39/20
f 40/40/20 39/39/20 38/38/20
f 39/39/21 40/40/21 33/33/21
f 34/34/21 33/33/21 40/40/21
f 34/1/1 38/1/1 36/1/1
f 34/1/1 40/1/1 38/1/1
f 41/41/22 42/42/22 43/43/22
f 44/44/22 43/43/22 42/42/22
f 43/43/23 44/44/23 45/45/23
f 46/46/23 45/45/23 44/44/23
f 45/45/24 46/46/24 47/47/24
f 48/48/24 47/47/24 46/46/24
f 47/47/25 48/48/25 41/41/25
f 42/42/25 41/41/25 48/48/25
f 42/1/1 46/1/1 44/1/1
f 42/1/1 48/1/1 46/1/1
f 49/49/26 50/50/26 51/51/26
f 52/52/26 51/51/26 50/50/26
f 51/51/27 52/52/27 53/53/27
f 54/54/27 53/53/27 52/52/27
f 53/53/28 54/54/28 55/55/28
f 56/56/28 55/55/28 54/54/28
f 55/55/29 56/56/29 49/49/29
f 50/50/29 49/49/29 56/56/29
f 50/1/1 54/1/1 52/1/1
f 50/1/1 56/1/1 54/1/1
f 57/57/30 58/58/30 59/59/30
f 60/60/30 59/59/30 58/58/30
f 59/59/31 60/60/31 61/61/31
f 62/62/31 61/61/31 60/60/31
f 61/61/32 62/62/32 63/63/32
f 64/64/32 63/63/32 62/62/32
f 63/63/33 64/64/33 57/57/33
f 58/58/33 57/57/33 64/64/33
f 58/1/1 62/1/1 60/1/1
f 58/1/1 64/1/1 62/1/1
f 65/65/34 66/66/34 67/67/34
f 68/68/34 67/67/34 66/66/34
f 67/67/35 68/68/35 69/69/35
f 70/70/35 69/69/35 68/68/35
f 69/69/36 70/70/36 71/71/36
f 72/72/36 71/71/36 70/70/36
f 71/71/37 72/72/37 65/65/37
f 66/66/37 65/65/37 72/72/37
f 66/1/1 70/1/1 68/1/1
f 66/1/1 72/1/1 70/1/1
f 73/73/38 74/74/38 75/75/38
f 76/76/38 75/75/38 74/74/38
f 75/75/39 76/76/39 77/77/39
f 78/78/39 77/77/39 76/76/39
f 77/77/40 78/78/40 79/79/40
f 80/80/40 79/79/40 78/78/40
f 79/79/41 80/80/41 73/73/41
f 74/74/41 73/73/41 80/80/41
f 74/1/1 78/1/1 76/1/1
f 74/1/1 80/1/1 78/1/1
f 81/81/42 82/82/42 83/83/42
f 84/84/42 83/83/42 82/82/42
f 83/83/43 84/84/43 85/85/43
f 86/86/43 85/85/43 84/84/43
f 85/85/44 86/86/44 87/87/44
f 88/88/44 87/87/44 86/86/44
f 87/87/45 88/88/45 81/81/45
f 82/82/45 81/81/45 88/88/45
f 82/1/1 86/1/1 84/1/1
f 82/1/1 88/1/1 86/1/1
f 89/89/46 90/90/46 91/91/46
f 92/92/46 91/91/46 90/90/46
f 91/91/47 92/92/47 93/93/47
f 94/94/47 93/93/47 92/92/47
f 93/93/48 94/94/48 95/95/48
f 96/96/48 95/95/48 94/94/48
f 95/95/49 96/96/49 89/89/49
f 90/90/49 89/89/49 96/96/49
f 90/1/1 94/1/1 92/1/1
f 90/1/1 96/1/1 94/1/1
f 97/97/50 98/98/50 99/99/50
f 100/100/50 99/99/50 98/98/50
f 99/99/51 100/100/51 101/101/51
f 102/102/51 101/101/51 100/100/51
f 101/101/52 102/102/52 103/103/52
f 104/104/52 103/103/52 102/102/52
f 103/103/53 104/104/53 97/97/53
f 98/98/53 97/97/53 104/104/53
f 98/1/1 102/1/1 100/1/1
f 98/1/1 104/1/1 102/1/1
f 105/105/54 106/106/54 107/107/54
f 108/108/54 107/107/54 106/106/54
f 107/107/55 108/108/55 109/109/55
f 110/110/55 109/109/55 108/108/55
f 109/109/56 110/110/56 111/111/56
f 112/112/56 111/111/56 110/110/56
f 111/111/57 112/112/57 105/105/57
f 106/106/57 105/105/57 112/112/57
f 106/1/1 110/1/1 108/1/1
f 106/1/1 112/1/1 110/1/1
f 113/113/58 114/114/58 115/115/58
f 116/116/58 115/115/58 114/114/58
f 115/115/59 116/116/59 117/117/59
f 118/118/59 117/117/59 116/116/59
f 117/117/60 118/118/60 119/119/60
f 120/120/60 119/119/60 118/118/60
f 119/119/61 120/120/61 113/113/61
f 114/114/61 113/113/61 120/120/61
f 114/1/1 118/1/1 116/1/1
f 114/1/1 120/1/1 118/1/1
f 121/121/62 122/122/62 123/123/62
f 124/124/62 123/123/62 122/122/62
f 123/123/63 124/124/63 125/125/63
f 126/126/63 125/125/63 124/124/63
f 125/125/64 126/126/64 127/127/64
f 128/128/64 127/127/64 126/126/64
f 127/127/65 128/128/65 121/121/65
f 122/122/65 121/121/65 128/128/65
f 122/1/1 126/1/1 124/1/1
f 122/1/1 128/1/1 126/1/1
f 129/129/66 130/130/66 131/131/66
f 132/132/66 131/131/66 130/130/66
f 131/131/67 132/132/67 133/133/67
f 134/134/67 133/133/67 132/132/67
f 133/133/68 134/134/68 135/135/68
f 136/136/68 135/135/68 134/134/68
f 135/135/69 136/136/69 129/129/69
f 130/130/69 129/129/69 136/136/69
f 130/1/1 134/1/1 132/1/1
f 130/1/1 136/1/1 134/1/1
f 137/137/70 138/138/70 139/139/70
f 140/140/70 139/139/70 138/138/70
f 139/139/71 140/140/71 141/141/71
f 142/142/71 141/141/71 140/140/71
f 141/141/72 142/142/72 143/143/72
f 144/144/72 143/143/72 142/142/72
f 143/143/73 144/144/73 137/137/73
f 138/138/73 137/137/73 144/144/73
f 138/1/1 142/1/1 140/1/1
f 138/1/1 144/1/1 142/1/1
f 145/145/74 146/146/74 147/147/74
f 148/148/74 147/147/74 146/146/74
f 147/147/75 148/148/75 149/149/75
f 150/150/75 149/149/75 148/148/75
f 149/149/76 150/150/76 151/151/76
f 152/152/76 151/151/76 150/150/76
f 151/151/77 152/152/77 145/145/77
f 146/146/77 145/145/77 152/152/77
f 146/1/1 150/1/1 148/1/1
f 146/1/1 152/1/1 150/1/1
f 153/153/78 154/154/78 155/155/78
f 156/156/78 155/155/78 154/154/78
f 155/155/79 156/156/79 157/157/79
f 158/158/79 157/157/79 156/156/79
f 157/157/80 158/158/80 159/159/80
f 160/160/80 159/159/80 158/158/80
f 159/159/81 160/160/81 153/153/81
f 154/154/81 153/153/81 160/160/81
f 154/1/1 158/1/1 156/1/1
f 154/1/1 160/1/1 158/1/1
f 161/161/82 162/162/82 163/163/82
f 164/164/82 163/163/82 162/162/82
f 163/163/83 164/164/83 165/165/83
f 166/166/83 165/165/83 164/164/83
f 165/165/84 166/166/84 167/167/84
f 168/168/84 167/167/84 166/166/84
f 167/167/85 168/168/85 161/161/85
f 162/162/85 161/161/85 168/168/85
f 162/1/1 166/1/1 164/1/1
f 162/1/1 168/1/1 166/1/1
f 169/169/86 170/170/86 171/171/86
f 172/172/86 171/171/86 170/170/86
f 171/171/87 172/172/87 173/173/87
f 174/174/87 173/173/87 172/172/87
f 173/173/88 174/174/88 175/175/88
f 176/176/88 175/175/88 174/174/88
f 175/175/89 176/176/89 169/169/89
f 170/170/89 169/169/89 176/176/89
f 170/1/1 174/1/1 172/1/1
f 170/1/1 176/1/1 174/1/1
f 177/177/90 178/178/90 179/179/90
f 180/180/90 179/179/90 178/178/90
f 179/179/91 180/180/91 181/181/91
f 182/182/91 181/181/91 180/180/91
f 181/181/92 182/182/92 183/183/92
f 184/184/92 183/183/92 182/182/92
f 183/183/93 184/184/93 177/177/93
f 178/178/93 177/177/93 184/184/93
f 178/1/1 182/1/1 180/1/1
f 178/1/1 184/1/1 182/1/1
f 185/185/94 186/186/94 187/187/94
f 188/188/94 187/187/94 186/186/94
f 187/187/95 188/188/95 189/189/95
f 190/190/95 189/189/95 188/188/95
f 189/189/96 190/190/96 191/191/96
f 192/192/96 191/191/96 190/190/96
f 191/191/97 192/192/97 185/185/97
f 186/186/97 185/185/97 192/192/97
f 186/1/1 190/1/1 188/1/1
f 186/1/1 192/1/1 190/1/1
f 193/193/98 194/194/98 195/195/98
f 196/196/98 195/195/98 194/194/98
f 195/195/99 196/196/99 197/197/99
f 198/198/99 197/197/99 196/196/99
f 197/197/100 198/198/100 199/199/100
f 200/200/100 199/199/100 198/198/100
f 199/199/101 200/200/101 193/193/101
f 194/194/101 193/193/101 200/200/101
f 194/1/1 198/1/1 196/1/1
f 194/1/1 200/1/1 198/1/1
f 201/201/102 202/202/102 203/203/102
f 204/204/102 203/203/102 202/202/102
f 203/203/103 204/204/103 205/205/103
f 206/206/103 205/205/103 204/204/103
f 205/205/104 206/206/104 207/207/104
f 208/208/104 207/207/104 206/206/104
f 207/207/105 208/208/105 201/201/105
f 202/202/105 201/201/105 208/208/105
f 202/1/1 206/1/1 204/1/1
f 202/1/1 208/1/1 206/1/1
f 209/209/106 210/210/106 211/211/106
f 212/212/106 211/211/106 210/210/106
f 211/211/107 212/212/107 213/213/107
f 214/214/107 213/213/107 212/212/107
f 213/213/108 214/214/108 215/215/108
f 216/216/108 215/215/108 214/214/108
f 215/215/109 216/216/109 209/209/109
f 210/210/109 209/209/109 216/216/109
f 210/1/1 214/1/1 212/1/1
f 210/1/1 216/1/1 214/1/1
f 217/217/110 218/218/110 219/219/110
f 220/220/110 219/219/110 218/218/110
f 219/219/111 220/220/111 221/221/111
f 222/222/111 221/221/111 220/220/111
f 221/221/112 222/222/112 223/223/112
f 224/224/112 223/223/112 222/222/112
f 223/223/113 224/224/113 217/217/113
f 218/218/113 217/217/113 224/224/113
f 218/1/1 222/1/1 220/1/1
f 218/1/1 224/1/1 222/1/1
f 225/225/114 226/226/114 227/227/114
f 228/228/114 227/227/114 226/226/114
f 227/227/115 228/228/115 229/229/115
f 230/230/115 229/229/115 228/228/115
f 229/229/116 230/230/116 231/231/116
f 232/232/116 231/231/116 230/230/116
f 231/231/117 232/232/117 225/225/117
f 226/226/117 225/225/117 232/232/117
f 226/1/1 230/1/1 228/1/1
f 226/1/1 232/1/1 230/1/1
f 233/233/118 234/234/118 235/235/118
f 236/236/118 235/235/118 234/234/118
f 235/235/119 236/236/119 237/237/119
f 238/238/119 237/237/119 236/236/119
f 237/237/120 238/238/120 239/239/120
f 240/240/120 239/239/120 238/238/120
f 239/239/121 240/240/121 233/233/121
f 234/234/121 233/233/121 240/240/121
f 234/1/1 238/1/1 236/1/1
f 234/1/1 240/1/1 238/1/1
f 241/241/122 242/242/122 243/243/122
f 244/244/122 243/243/122 242/242/122
f 243/243/123 244/244/123 245/245/123
f 246/246/123 245/245/123 244/244/123
f 245/245/124 246/246/124 247/247/124
f 248/248/124 247/247/124 246/246/124
f 247/247/125 248/248/125 241/241/125
f 242/242/125 241/241/125 248/248/125
f 242/1/1 246/1/1 244/1/1
f 242/1/1 248/1/1 246/1/1
f 249/249/126 250/250/126 251/251/126
f 252/252/126 251/251/126 250/250/126
f 251/251/127 252/252/127 253/253/127
f 254/254/127 253/253/127 252/252/127
f 253/253/128 254/254/128 255/255/128
f 256/256/128 255/255/128 254/254/128
f 255/255/129 256/256/129 249/249/129
f 250/250/129 249/249/129 256/256/129
f 250/1/1 254/1/1 252/1/1
f 250/1/1 256/1/1 254/1/1
f 257/257/130 258/258/130 259/259/130
f 260/260/130 259/259/130 258/258/130
f 259/259/131 260/260/131 261/261/131
f 262/262/131 261/261/131 260/260/131
f 261/261/132 262/262/132 263/263/132
f 264/264/132 263/263/132 262/262/132
f 263/263/133 264/264/133 257/257/133
f 258/258/133 257/257/133 264/264/133
f 258/1/1 262/1/1 260/1/1
f 258/1/1 264/1/1 262/1/1
f 265/265/134 266/266/134 267/267/134
f 268/268/134 267/267/134 266/266/134
f 267/267/135 268/268/135 269/269/135
f 270/270/135 269/269/135 268/268/135
f 269/269/136 270/270/136 271/271/136
f 272/272/136 271/271/136 270/270/136
f 271/271/137 272/272/137 265/265/137
f 266/266/137 265/265/137 272/272/137
f 266/1/1 270/1/1 268/1/1
f 266/1/1 272/1/1 270/1/1
f 273/273/138 274/274/138 275/275/138
f 276/276/138 275/275/138 274/274/138
f 275/275/139 276/276/139 277/277/139
f 278/278/139 277/277/139 276/276/139
f 277/277/140 278/278/140 279/279/140
f 280/280/140 279/279/140 278/278/140
f 279/279/141 280/280/141 273/273/141
f 274/274/141 273/273/141 280/280/141
f 274/1/1 278/1/1 276/1/1
f 274/1/1 280/1/1 278/1/1
f 281/281/142 282/282/142 283/283/142
f 284/284/142 283/283/142 282/282/142
f 283/283/143 284/284/143 285/285/143
f 286/286/143 285/285/143 284/284/143
f 285/285/144 286/286/144 287/287/144
f 288/288/144 287/287/144 286/286/144
f 287/287/145 288/288/145 281/281/145
f 282/282/145 281/281/145 288/288/145
f 282/1/1 286/1/1 284/1/1
f 282/1/1 288/1/1 286/1/1
f 289/289/146 290/290/146 291/291/146
f 292/292/146 291/291/146 290/290/146
f 291/291/147 292/292/147 293/293/147
f 294/294/147 293/293/147 292/292/147
f 293/293/148 294/294/148 295/295/148
f 296/296/148 295/295/148 294/294/148
f 295/295/149 296/296/149 289/289/149
f 290/290/149 289/289/149 296/296/149
f 290/1/1 294/1/1 292/1/1
f 290/1/1 296/1/1 294/1/1
f 297/297/150 298/298/150 299/299/150
f 300/300/150 299/299/150 298/298/150
f 299/299/151 300/300/151 301/301/151
f 302/302/151 301/301/151 300/300/151
f 301/301/152 302/302/152 303/303/152
f 304/304/152 303/303/152 302/302/152
f 303/303/153 304/304/153 297/297/153
f 298/298/153 297/297/153 304/304/153
f 298/1/1 302/1/1 300/1/1
f 298/1/1 304/1/1 302/1/1
f 305/305/154 306/306/154 307/307/154
f 308/308/154 307/307/154 306/306/154
f 307/307/155 308/308/155 309/309/155
f 310/310/155 309/309/155 308/308/155
f 309/309/156 310/310/156 311/311/156
f 312/312/156 311/311/156 310/310/156
f 311/311/157 312/312/157 305/305/157
f 306/306/157 305/305/157 312/312/157
f 306/1/1 310/1/1 308/1/1
f 306/1/1 312/1/1 310/1/1
f 313/313/158 314/314/158 315/315/158
f 316/316/158 315/315/158 314/314/158
f 315/315/159 316/316/159 317/317/159
f 318/318/159 317/317/159 316/316/159
f 317/317/160 318/318/160 319/319/160
f 320/320/160 319/319/160 318/318/160
f 319/319/161 320/320/161 313/313/161
f 314/314/161 313/313/161 320/320/161
f 314/1/1 318/1/1 316/1/1
f 314/1/1 320/1/1 318/1/1
f 321/321/162 322/322/162 323/323/162
f 324/324/162 323/323/162 322/322/162
f 323/323/163 324/324/163 325/325/163
f 326/326/163 325/325/163 324/324/163
f 325/325/164 326/326/164 327/327/164
f 328/328/164 327/327/164 326/326/164
f 327/327/165 328/328/165 321/321/165
f 322/322/165 321/321/165 328/328/165
f 322/1/1 326/1/1 324/1/1
f 322/1/1 328/1/1 326/1/1
f 329/329/166 330/330/166 331/331/166
f 332/332/166 331/331/166 330/330/166
f 331/331/167 332/332/167 333/333/167
f 334/334/167 333/333/167 332/332/167
f 333/333/168 334/334/168 335/335/168
f 336/336/168 335/335/168 334/334/168
f 335/335/169 336/336/169 329/329/169
f 330/330/169 329/329/169 336/336/169
f 330/1/1 334/1/1 332/1/1
f 330/1/1 336/1/1 334/1/1
f 337/337/170 338/338/170 339/339/170
f 340/340/170 339/339/170 338/338/170
f 339/339/171 340/340/171 341/341/171
f 342/342/171 341/341/171 340/340/171
f 341/341/172 342/342/172 343/343/172
f 344/344/172 343/343/172 342/342/172
f 343/343/173 344/344/173 337/337/173
f 338/338/173 337/337/173 344/344/173
f 338/1/1 342/1/1 340/1/1
f 338/1/1 344/1/1 342/1/1
f 345/345/174 346/346/174 347/347/174
f 348/348/174 347/347/174 346/346/174
f 347/347/175 348/348/175 349/349/175
f 350/350/175 349/349/175 348/348/175
f 349/349/176 350/350/176 351/351/176
f 352/352/176 351/351/176 350/350/176
f 351/351/177 352/352/177 345/345/177
f 346/346/177 345/345/177 352/352/177
f 346/1/1 350/1/1 348/1/1
f 346/1/1 352/1/1 350/1/1
f 353/353/178 354/354/178 355/355/178
f 356/356/178 355/355/178 354/354/178
f 355/355/179 356/356/179 357/357/179
f 358/358/179 357/357/179 356/356/179
f 357/357/180 358/358/180 359/359/180
f 360/360/180 359/359/180 358/358/180
f 359/359/181 360/360/181 353/353/181
f 354/354/181 353/353/181 360/360/181
f 354/1/1 358/1/1 356/1/1
f 354/1/1 360/1/1 358/1/1
f 361/361/182 362/362/182 363/363/182
f 364/364/182 363/363/182 362/362/182
f 363/363/183 364/364/183 365/365/183
f 366/366/183 365/365/183 364/364/183
f 365/365/184 366/366/184 367/367/184
f 368/368/184 367/367/184 366/366/184
f 367/367/185 368/368/185 361/361/185
f 362/362/185 361/361/185 368/368/185
f 362/1/1 366/1/1 364/1/1
f 362/1/1 368/1/1 366/1/1
f 369/369/186 370/370/186 371/371/186
f 372/372/186 371/371/186 370/370/186
f 371/371/187 372/372/187 373/373/187
f 374/374/187 373/373/187 372/372/187
f 373/373/188 374/374/188 375/375/188
f 376/376/188 375/375/188 374/374/188
f 375/375/189 376/376/189 369/369/189
f 370/370/189 369/369/189 376/376/189
f 370/1/1 374/1/1 372/1/1
f 370/1/1 376/1/1 374/1/1
f 377/377/190 378/378/190 379/379/190
f 380/380/190 379/379/190 378/378/190
f 379/379/191 380/380/191 381/381/191
f 382/382/191 381/381/191 380/380/191
f 381/381/192 382/382/192 383/383/192
f 384/384/192 383/383/192 382/382/192
f 383/383/193 384/384/193 377/377/193
f 378/378/193 377/377/193 384/384/193
f 378/1/1 382/1/1 380/1/1
f 378/1/1 384/1/1 382/1/1
f 385/385/194 386/386/194 387/387/194
f 388/388/194 387/387/194 386/386/194
f 387/387/195 388/388/195 389/389/195
f 390/390/195 389/389/195 388/388/195
f 389/389/196 390/390/196 391/391/196
f 392/392/196 391/391/196 390/390/196
f 391/391/197 392/392/197 385/385/197
f 386/386/197 385/385/197 392/392/197
f 386/1/1 390/1/1 388/1/1
f 386/1/1 392/1/1 390/1/1
f 393/393/198 394/394/198 395/395/198
f 396/396/198 395/395/198 394/394/198
f 395/395/199 396/396/199 397/397/199
f 398/398/199 397/397/199 396/396/199
f 397/397/200 398/398/200 399/399/200
f 400/400/200 399/399/200 398/398/200
f 399/399/201 400/400/201 393/393/201
f 394/394/201 393/393/201 400/400/201
f 394/1/1 398/1/1 396/1/1
f 394/1/1 400/1/1 398/1/1
f 401/401/202 402/402/202 403/403/202
f 404/404/202 403/403/202 402/402/202
f 403/403/203 404/404/203 405/405/203
f 406/406/203 405/405/203 404/404/203
f 405/405/204 406/406/204 407/407/204
f 408/408/204 407/407/204 406/406/204
f 407/407/205 408/408/205 401/401/205
f 402/402/205 401/401/205 408/408/205
f 402/1/1 406/1/1 404/1/1
f 402/1/1 408/1/1 406/1/1
f 409/409/206 410/410/206 411/411/206
f 412/412/206 411/411/206 410/410/206
f 411/411/207 412/412/207 413/413/207
f 414/414/207 413/413/207 412/412/207
f 413/413/208 414/414/208 415/415/208
f 416/416/208 415/415/208 414/414/208
f 415/415/209 416/416/209 409/409/209
f 410/410/209 409/409/209 416/416/209
f 410/1/1 414/1/1 412/1/1
f 410/1/1 416/1/1 414/1/1
f 417/417/210 418/418/210 419/419/210
f 420/420/210 419/419/210 418/418/210
f 419/419/211 420/420/211 421/421/211
f 422/422/211 421/421/211 420/420/211
f 421/421/212 422/422/212 423/423/212
f 424/424/212 423/423/212 422/422/212
f 423/423/213 424/424/213 417/417/213
f 418/418/213 417/417/213 424/424/213
f 418/1/1 422/1/1 420/1/1
f 418/1/1 424/1/1 422/1/1
f 425/425/214 426/426/214 427/427/214
f 428/428/214 427/427/214 426/426/214
f 427/427/215 428/428/215 429/429/215
f 430/430/215 429/429/215 428/428/215
f 429/429/216 430/430/216 431/431/216
f 432/432/216 431/431/216 430/430/216
f 431/431/217 432/432/217 425/425/217
f 426/426/217 425/425/217 432/432/217
f 426/1/1 430/1/1 428/1/1
f 426/1/1 432/1/1 430/1/1
f 433/433/218 434/434/218 435/435/218
f 436/436/218 435/435/218 434/434/218
f 435/435/219 436/436/219 437/437/219
f 438/438/219 437/437/219 436/436/219
f 437/437/220 438/438/220 439/439/220
f 440/440/220 439/439/220 438/438/220
f 439/439/221 440/440/221 433/433/221
f 434/434/221 433/433/221 440/440/221
f 434/1/1 438/1/1 436/1/1
f 434/1/1 440/1/1 438/1/1
f 441/441/222 442/442/222 443/443/222
f 444/444/222 443/443/222 442/442/222
f 443/443/223 444/444/223 445/445/223
f 446/446/223 445/445/223 444/444/223
f 445/445/224 446/446/224 447/447/224
f 448/448/224 447/447/224 446/446/224
f 447/447/225 448/448/225 441/441/225
f 442/442/225 441/441/225 448/448/225
f 442/1/1 446/1/1 444/1/1
f 442/1/1 448/1/1 446/1/1
f 449/449/226 450/450/226 451/451/226
f 452/452/226 451/451/226 450/450/226
f 451/451/227 452/452/227 453/453/227
f 454/454/227 453/453/227 452/452/227
f 453/453/228 454/454/228 455/455/228
f 456/456/228 455/455/228 454/454/228
f 455/455/229 456/456/229 449/449/229
f 450/450/229 449/449/229 456/456/229
f 450/1/1 454/1/1 452/1/1
f 450/1/1 456/1/1 454/1/1
f 457/457/230 458/458/230 459/459/230
f 460/460/230 459/459/230 458/458/230
f 459/459/231 460/460/231 461/461/231
f 462/462/231 461/461/231 460/460/231
f 461/461/232 462/462/232 463/463/232
f 464/464/232 463/463/232 462/462/232
f 463/463/233 464/464/233 457/457/233
f 458/458/233 457/457/233 464/464/233
f 458/1/1 462/1/1 460/1/1
f 458/1/1 464/1/1 462/1/1
f 465/465/234 466/466/234 467/467/234
f 468/468/234 467/467/234 466/466/234
f 467/467/235 468/468/235 469/469/235
f 470/470/235 469/469/235 468/468/235
f 469/469/236 470/470/236 471/471/236
f 472/472/236 471/471/236 470/470/236
f 471/471/237 472/472/237 465/465/237
f 466/466/237 465/465/237 472/472/237
f 466/1/1 470/1/1 468/1/1
f 466/1/1 472/1/1 470/1/1
f 473/473/238 474/474/238 475/475/238
f 476/476/238 475/475/238 474/474/238
f 475/475/239 476/476/239 477/477/239
f 478/478/239 477/477/239 476/476/239
f 477/477/240 478/478/240 479/479/240
f 480/480/240 479/479/240 478/478/240
f 479/479/241 480/480/241 473/473/241
f 474/474/241 473/473/241 480/480/241
f 474/1/1 478/1/1 476/1/1
f 474/1/1 480/1/1 478/1/1
f 481/481/242 482/482/242 483/483/242
f 484/484/242 483/483/242 482/482/242
f 483/483/243 484/484/243 485/485/243
f 486/486/243 485/485/243 484/484/243
f 485/485/244 486/486/244 487/487/244
f 488/488/244 487/487/244 486/486/244
f 487/487/245 488/488/245 481/481/245
f 482/482/245 481/481/245 488/488/245
f 482/1/1 486/1/1 484/1/1
f 482/1/1 488/1/1 486/1/1
f 489/489/246 490/490/246 491/491/246
f 492/492/246 491/491/246 490/490/246
f 491/491/247 492/492/247 493/493/247
f 494/494/247 493/493/247 492/492/247
f 493/493/248 494/494/248 495/495/248
f 496/496/248 495/495/248 494/494/248
f 495/495/249 496/496/249 489/489/249
f 490/490/249 489/489/249 496/496/249
f 490/1/1 494/1/1 492/1/1
f 490/1/1 496/1/1 494/1/1
f 497/497/250 498/498/250 499/499/250
f 500/500/250 499/499/250 498/498/250
f 499/499/251 500/500/251 501/501/251
f 502/502/251 501/501/251 500/500/251
f 501/501/252 502/502/252 503/503/252
f 504/504/252 503/503/252 502/502/252
f 503/503/253 504/504/253 497/497/253
f 498/498/253 497/497/253 504/504/253
f 498/1/1 502/1/1 500/1/1
f 498/1/1 504/1/1 502/1/1
f 505/505/254 506/506/254 507/507/254
f 508/508/254 507/507/254 506/506/254
f 507/507/255 508/508/255 509/509/255
f 510/510/255 509/509/255 508/508/255
f 509/509/256 510/510/256 511/511/256
f 512/512/256 511/511/256 510/510/256
f 511/511/257 512/512/257 505/505/257
f 506/506/257 505/505/257 512/512/257
f 506/1/1 510/1/1 508/1/1
f 506/1/1 512/1/1 510/1/1
f 513/513/258 514/514/258 515/515/258
f 516/516/258 515/515/258 514/514/258
f 515/515/259 516/516/259 517/517/259
f 518/518/259 517/517/259 516/516/259
f 517/517/260 518/518/260 519/519/260
f 520/520/260 519/519/260 518/518/260
f 519/519/261 520/520/261 513/513/261
f 514/514/261 513/513/261 520/520/261
f 514/1/1 518/1/1 516/1/1
f 514/1/1 520/1/1 518/1/1
f 521/521/262 522/522/262 523/523/262
f 524/524/262 523/523/262 522/522/262
f 523/523/263 524/524/263 525/525/263
f 526/526/263 525/525/263 524/524/263
f 525/525/264 526/526/264 527/527/264
f 528/528/264 527/527/264 526/526/264
f 527/527/265 528/528/265 521/521/265
f 522/522/265 521/521/265 528/528/265
f 522/1/1 526/1/1 524/1/1
f 522/1/1 528/1/1 526/1/1
f 529/529/266 530/530/266 531/531/266
f 532/532/266 531/531/266 530/530/266
f 531/531/267 532/532/267 533/533/267
f 534/534/267 533/533/267 532/532/267
f 533/533/268 534/534/268 535/535/268
f 536/536/268 535/535/268 534/534/268
f 535/535/269 536/536/269 529/529/269
f 530/530/269 529/529/269 536/536/269
f 530/1/1 534/1/1 532/1/1
f 530/1/1 536/1/1 534/1/1
f 537/537/270 538/538/270 539/539/270
f 540/540/270 539/539/270 538/538/270
f 539/539/271 540/540/271 541/541/271
f 542/542/271 541/541/271 540/540/271
f 541/541/272 542/542/272 543/543/272
f 544/544/272 543/543/272 542/542/272
f 543/543/273 544/544/273 537/537/273
f 538/538/273 537/537/273 544/544/273
f 538/1/1 542/1/1 540/1/1
f 538/1/1 544/1/1 542/1/1
f 545/545/274 546/546/274 547/547/274
f 548/548/274 547/547/274 546/546/274
f 547/547/275 548/548/275 549/549/275
f 550/550/275 549/549/275 548/548/275
f 549/549/276 550/550/276 551/551/276
f 552/552/276 551/551/276 550/550/276
f 551/551/277 552/552/277 545/545/277
f 546/546/277 545/545/277 552/552/277
f 546/1/1 550/1/1 548/1/1
f 546/1/1 552/1/1 550/1/1
f 553/553/278 554/554/278 555/555/278
f 556/556/278 555/555/278 554/554/278
f 555/555/279 556/556/279 557/557/279
f 558/558/279 557/557/279 556/556/279
f 557/557/280 558/558/280 559/559/280
f 560/560/280 559/559/280 558/558/280
f 559/559/281 560/560/281 553/553/281
f 554/554/281 553/553/281 560/560/281
f 554/1/1 558/1/1 556/1/1
f 554/1/1 560/1/1 558/1/1
f 561/561/282 562/562/282 563/563/282
f 564/564/282 563/563/282 562/562/282
f 563/563/283 564/564/283 565/565/283
f 566/566/283 565/565/283 564/564/283
f 565/565/284 566/566/284 567/567/284
f 568/568/284 567/567/284 566/566/284
f 567/567/285 568/568/285 561/561/285
f 562/562/285 561/561/285 568/568/285
f 562/1/1 566/1/1 564/1/1
f 562/1/1 568/1/1 566/1/1
f 569/569/286 570/570/286 571/571/286
f 572/572/286 571/571/286 570/570/286
f 571/571/287 572/572/287 573/573/287
f 574/574/287 573/573/287 572/572/287
f 573/573/288 574/574/288 575/575/288
f 576/576/288 575/575/288 574/574/288
f 575/575/289 576/576/289 569/569/289
f 570/570/289 569/569/289 576/576/289
f 570/1/1 574/1/1 572/1/1
f 570/1/1 576/1/1 574/1/1
f 577/577/290 578/578/290 579/579/290
f 580/580/290 579/579/290 578/578/290
f 579/579/291 580/580/291 581/581/291
f 582/582/291 581/581/291 580/580/291
f 581/581/292 582/582/292 583/583/292
f 584/584/292 583/583/292 582/582/292
f 583/583/293 584/584/293 577/577/293
f 578/578/293 577/577/293 584/584/293
f 578/1/1 582/1/1 580/1/1
f 578/1/1 584/1/1 582/1/1
f 585/585/294 586/586/294 587/587/294
f 588/588/294 587/587/294 586/586/294
f 587/587/295 588/588/295 589/589/295
f 590/590/295 589/589/295 588/588/295
f 589/589/296 590/590/296 591/591/296
f 592/592/296 591/591/296 590/590/296
f 591/591/297 592/592/297 585/585/297
f 586/586/297 585/585/297 592/592/297
f 586/1/1 590/1/1 588/1/1
f 586/1/1 592/1/1 590/1/1
f 593/593/298 594/594/298 595/595/298
f 596/596/298 595/595/298 594/594/298
f 595/595/299 596/596/299 597/597/299
f 598/598/299 597/597/299 596/596/299
f 597/597/300 598/598/300 599/599/300
f 600/600/300 599/599/300 598/598/300
f 599/599/301 600/600/301 593/593/301
f 594/594/301 593/593/301 600/600/301
f 594/1/1 598/1/1 596/1/1
f 594/1/1 600/1/1 598/1/1
f 601/601/302 602/602/302 603/603/302
f 604/604/302 603/603/302 602/602/302
f 603/603/303 604/604/303 605/605/303
f 606/606/303 605/605/303 604/604/303
f 605/605/304 606/606/304 607/607/304
f 608/608/304 607/607/304 606/606/304
f 607/607/305 608/608/305 601/601/305
f 602/602/305 601/601/305 608/608/305
f 602/1/1 606/1/1 604/1/1
f 602/1/1 608/1/1 606/1/1
f 609/609/306 610/610/306 611/611/306
f 612/612/306 611/611/306 610/610/306
f 611/611/307 612/612/307 613/613/307
f 614/614/307 613/613/307 612/612/307
f 613/613/308 614/614/308 615/615/308
f 616/616/308 615/615/308 614/614/308
f 615/615/309 616/616/309 609/609/309
f 610/610/309 609/609/309 616/616/309
f 610/1/1 614/1/1 612/1/1
f 610/1/1 616/1/1 614/1/1
f 617/617/310 618/618/310 619/619/310
f 620/620/310 619/619/310 618/618/310
f 619/619/311 620/620/311 621/621/311
f 622/622/311 621/621/311 620/620/311
f 621/621/312 622/622/312 623/623/312
f 624/624/312 623/623/312 622/622/312
f 623/623/313 624/624/313 617/617/313
f 618/618/313 617/617/313 624/624/313
f 618/1/1 622/1/1 620/1/1
f 618/1/1 624/1/1 622/1/1
f 625/625/314 626/626/314 627/627/314
f 628/628/314 627/627/314 626/626/314
f 627/627/315 628/628/315 629/629/315
f 630/630/315 629/629/315 628/628/315
f 629/629/316 630/630/316 631/631/316
f 632/632/316 631/631/316 630/630/316
f 631/631/317 632/632/317 625/625/317
f 626/626/317 625/625/317 632/632/317
f 626/1/1 630/1/1 628/1/1
f 626/1/1 632/1/1 630/1/1
f 633/633/318 634/634/318 635/635/318
f 636/636/318 635/635/318 634/634/318
f 635/635/319 636/636/319 637/637/319
f 638/638/319 637/637/319 636/636/319
f 637/637/320 638/638/320 639/639/320
f 640/640/320 639/639/320 638/638/320
f 639/639/321 640/640/321 633/633/321
f 634/634/321 633/633/321 640/640/321
f 634/1/1 638/1/1 636/1/1
f 634/1/1 640/1/1 638/1/1
f 641/641/322 642/642/322 643/643/322
f 644/644/322 643/643/322 642/642/322
f 643/643/323 644/644/323 645/645/323
f 646/646/323 645/645/323 644/644/323
f 645/645/324 646/646/324 647/647/324
f 648/648/324 647/647/324 646/646/324
f 647/647/325 648/648/325 641/641/325
f 642/642/325 641/641/325 648/648/325
f 642/1/1 646/1/1 644/1/1
f 642/1/1 648/1/1 646/1/1
f 649/649/326 650/650/326 651/651/326
f 652/652/326 651/651/326 650/650/326
f 651/651/327 652/652/327 653/653/327
f 654/654/327 653/653/327 652/652/327
f 653/653/328 654/654/328 655/655/328
f 656/656/328 655/655/328 654/654/328
f 655/655/329 656/656/329 649/649/329
f 650/650/329 649/649/329 656/656/329
f 650/1/1 654/1/1 652/1/1
f 650/1/1 656/1/1 654/1/1
f 657/657/330 658/658/330 659/659/330
f 660/660/330 659/659/330 658/658/330
f 659/659/331 660/660/331 661/661/331
f 662/662/331 661/661/331 660/660/331
f 661/661/332 662/662/332 663/663/332
f 664/664/332 663/663/332 662/662/332
f 663/663/333 664/664/333 657/657/333
f 658/658/333 657/657/333 664/664/333
f 658/1/1 662/1/1 660/1/1
f 658/1/1 664/1/1 662/1/1
f 665/665/334 666/666/334 667/667/334
f 668/668/334 667/667/334 666/666/334
f 667/667/335 668/668/335 669/669/335
f 670/670/335 669/669/335 668/668/335
f 669/669/336 670/670/336 671/671/336
f 672/672/336 671/671/336 670/670/336
f 671/671/337 672/672/337 665/665/337
f 666/666/337 665/665/337 672/672/337
f 666/1/1 670/1/1 668/1/1
f 666/1/1 672/1/1 670/1/1
f 673/673/338 674/674/338 675/675/338
f 676/676/338 675/675/338 674/674/338
f 675/675/339 676/676/339 677/677/339
f 678/678/339 677/677/339 676/676/339
f 677/677/340 678/678/340 679/679/340
f 680/680/340 679/679/340 678/678/340
f 679/679/341 680/680/341 673/673/341
f 674/674/341 673/673/341 680/680/341
f 674/1/1 678/1/1 676/1/1
f 674/1/1 680/1/1 678/1/1
f 681/681/342 682/682/342 683/683/342
f 684/684/342 683/683/342 682/682/342
f 683/683/343 684/684/343 685/685/343
f 686/686/343 685/685/343 684/684/343
f 685/685/344 686/686/344 687/687/344
f 688/688/344 687/687/344 686/686/344
f 687/687/345 688/688/345 681/681/345
f 682/682/345 681/681/345 688/688/345
f 682/1/1 686/1/1 684/1/1
f 682/1/1 688/1/1 686/1/1
f 689/689/346 690/690/346 691/691/346
f 692/692/346 691/691/346 690/690/346
f 691/691/347 692/692/347 693/693/347
f 694/694/347 693/693/347 692/692/347
f 693/693/348 694/694/348 695/695/348
f 696/696/348 695/695/348 694/694/348
f 695/695/349 696/696/349 689/689/349
f 690/690/349 689/689/349 696/696/349
f 690/1/1 694/1/1 692/1/1
f 690/1/1 696/1/1 694/1/1
f 697/697/350 698/698/350 699/699/350
f 700/700/350 699/699/350 698/698/350
f 699/699/351 700/700/351 701/701/351
f 702/702/351 701/701/351 700/700/351
f 701/701/352 702/702/352 703/703/352
f 704/704/352 703/703/352 702/702/352
f 703/703/353 704/704/353 697/697/353
f 698/698/353 697/697/353 704/704/353
f 698/1/1 702/1/1 700/1/1
f 698/1/1 704/1/1 702/1/1
f 705/705/354 706/706/354 707/707/354
f 708/708/354 707/707/354 706/706/354
f 707/707/355 708/708/355 709/709/355
f 710/710/355 709/709/355 708/708/355
f 709/709/356 710/710/356 711/711/356
f 712/712/356 711/711/356 710/710/356
f 711/711/357 712/712/357 705/705/357
f 706/706/357 705/705/357 712/712/357
f 706/1/1 710/1/1 708/1/1
f 706/1/1 712/1/1 710/1/1
f 713/713/358 714/714/358 715/715/358
f 716/716/358 715/715/358 714/714/358
f 715/715/359 716/716/359 717/717/359
f 718/718/359 717/717/359 716/716/359
f 717/717/360 718/718/360 719/719/360
f 720/720/360 719/719/360 718/718/360
f 719/719/361 720/720/361 713/713/361
f 714/714/361 713/713/361 720/720/361
f 714/1/1 718/1/1 716/1/1
f 714/1/1 720/1/1 718/1/1
f 721/721/362 722/722/362 723/723/362
f 724/724/362 723/723/362 722/722/362
f 723/723/363 724/724/363 725/725/363
f 726/726/363 725/725/363 724/724/363
f 725/725/364 726/726/364 727/727/364
f 728/728/364 727/727/364 726/726/364
f 727/727/365 728/728/365 721/721/365
f 722/722/365 721/721/365 728/728/365
f 722/1/1 726/1/1 724/1/1
f 722/1/1 728/1/1 726/1/1
f 729/729/366 730/730/366 731/731/366
f 732/732/366 731/731/366 730/730/366
f 731/731/367 732/732/367 733/733/367
f 734/734/367 733/733/367 732/732/367
f 733/733/368 734/734/368 735/735/368
f 736/736/368 735/735/368 734/734/368
f 735/735/369 736/736/369 729/729/369
f 730/730/369 729/729/369 736/736/369
f 730/1/1 734/1/1 732/1/1
f 730/1/1 736/1/1 734/1/1
f 737/737/370 738/738/370 739/739/370
f 740/740/370 739/739/370 738/738/370
f 739/739/371 740/740/371 741/741/371
f 742/742/371 741/741/371 740/740/371
f 741/741/372 742/742/372 743/743/372
f 744/744/372 743/743/372 742/742/372
f 743/743/373 744/744/373 737/737/373
f 738/738/373 737/737/373 744/744/373
f 738/1/1 742/1/1 740/1/1
f 738/1/1 744/1/1 742/1/1
f 745/745/374 746/746/374 747/747/374
f 748/748/374 747/747/374 746/746/374
f 747/747/375 748/748/375 749/749/375
f 750/750/375 749/749/375 748/748/375
f 749/749/376 750/750/376 751/751/376
f 752/752/376 751/751/376 750/750/376
f 751/751/377 752/752/377 745/745/377
f 746/746/377 745/745/377 752/752/377
f 746/1/1 750/1/1 748/1/1
f 746/1/1 752/1/1 750/1/1
f 753/753/378 754/754/378 755/755/378
f 756/756/378 755/755/378 754/754/378
f 755/755/379 756/756/379 757/757/379
f 758/758/379 757/757/379 756/756/379
f 757/757/380 758/758/380 759/759/380
f 760/760/380 759/759/380 758/758/380
f 759/759/381 760/760/381 753/753/381
f 754/754/381 753/753/381 760/760/381
f 754/1/1 758/1/1 756/1/1
f 754/1/1 760/1/1 758/1/1
f 761/761/382 762/762/382 763/763/382
f 764/764/382 763/763/382 762/762/382
f 763/763/383 764/764/383 765/765/383
f 766/766/383 765/765/383 764/764/383
f 765/765/384 766/766/384 767/767/384
f 768/768/384 767/767/384 766/766/384
f 767/767/385 768/768/385 761/761/385
f 762/762/385 761/761/385 768/768/385
f 762/1/1 766/1/1 764/1/1
f 762/1/1 768/1/1 766/1/1
f 769/769/386 770/770/386 771/771/386
f 772/772/386 771/771/386 770/770/386
f 771/771/387 772/772/387 773/773/387
f 774/774/387 773/773/387 772/772/387
f 773/773/388 774/774/388 775/775/388
f 776/776/388 775/775/388 774/774/388
f 775/775/389 776/776/389 769/769/389
f 770/770/389 769/769/389 776/776/389
f 770/1/1 774/1/1 772/1/1
f 770/1/1 776/1/1 774/1/1
f 777/777/390 778/778/390 779/779/390
f 780/780/390 779/779/390 778/778/390
f 779/779/391 780/780/391 781/781/391
f 782/782/391 781/781/391 780/780/391
f 781/781/392 782/782/392 783/783/392
f 784/784/392 783/783/392 782/782/392
f 783/783/393 784/784/393 777/777/393
f 778/778/393 777/777/393 784/784/393
f 778/1/1 782/1/1 780/1/1
f 778/1/1 784/1/1 782/1/1
f 785/785/394 786/786/394 787/787/394
f 788/788/394 787/787/394 786/786/394
f 787/787/395 788/788/395 789/789/395
f 790/790/395 789/789/395 788/788/395
f 789/789/396 790/790/396 791/791/396
f 792/792/396 791/791/396 790/790/396
f 791/791/397 792/792/397 785/785/397
f 786/786/397 785/785/397 792/792/397
f 786/1/1 790/1/1 788/1/1
f 786/1/1 792/1/1 790/1/1
f 793/793/398 794/794/398 795/795/398
f 796/796/398 795/795/398 794/794/398
f 795/795/399 796/796/399 797/797/399
f 798/798/399 797/797/399 796/796/399
f 797/797/400 798/798/400 799/799/400
f 800/800/400 799/799/400 798/798/400
f 799/799/401 800/800/401 793/793/401
f 794/794/401 793/793/401 800/800/401
f 794/1/1 798/1/1 796/1/1
f 794/1/1 800/1/1 798/1/1
f 801/801/402 802/802/402 803/803/402
f 804/804/402 803/803/402 802/802/402
f 803/803/403 804/804/403 805/805/403
f 806/806/403 805/805/403 804/804/403
f 805/805/404 806/806/404 807/807/404
f 808/808/404 807/807/404 806/806/404
f 807/807/405 808/808/405 801/801/405
f 802/802/405 801/801/405 808/808/405
f 802/1/1 806/1/1 804/1/1
f 802/1/1 808/1/1 806/1/1
f 809/809/406 810/810/406 811/811/406
f 812/812/406 811/811/406 810/810/406
f 811/811/407 812/812/407 813/813/407
f 814/814/407 813/813/407 812/812/407
f 813/813/408 814/814/408 815/815/408
f 816/816/408 815/815/408 814/814/408
f 815/815/409 816/816/409 809/809/409
f 810/810/409 809/809/409 816/816/409
f 810/1/1 814/1/1 812/1/1
f 810/1/1 816/1/1 814/1/1
f 817/817/410 818/818/410 819/819/410
f 820/820/410 819/819/410 818/818/410
f 819/819/411 820/820/411 821/821/411
f 822/822/411 821/821/411 820/820/411
f 821/821/412 822/822/412 823/823/412
f 824/824/412 823/823/412 822/822/412
f 823/823/413 824/824/413 817/817/413
f 818/818/413 817/817/413 824/824/413
f 818/1/1 822/1/1 820/1/1
f 818/1/1 824/1/1 822/1/1
f 825/825/414 826/826/414 827/827/414
f 828/828/414 827/827/414 826/826/414
f 827/827/415 828/828/415 829/829/415
f 830/830/415 829/829/415 828/828/415
f 829/829/416 830/830/416 831/831/416
f 832/832/416 831/831/416 830/830/416
f 831/831/417 832/832/417 825/825/417
f 826/826/417 825/825/417 832/832/417
f 826/1/1 830/1/1 828/1/1
f 826/1/1 832/1/1 830/1/1
f 833/833/418 834/834/418 835/835/418
f 836/836/418 835/835/418 834/834/418
f 835/835/419 836/836/419 837/837/419
f 838/838/419 837/837/419 836/836/419
f 837/837/420 838/838/420 839/839/420
f 840/840/420 839/839/420 838/838/420
f 839/839/421 840/840/421 833/833/421
f 834/834/421 833/833/421 840/840/421
f 834/1/1 838/1/1 836/1/1
f 834/1/1 840/1/1 838/1/1
f 841/841/422 842/842/422 843/843/422
f 844/844/422 843/843/422 842/842/422
f 843/843/423 844/844/423 845/845/423
f 846/846/423 845/845/423 844/844/423
f 845/845/424 846/846/424 847/847/424
f 848/848/424 847/847/424 846/846/424
f 847/847/425 848/848/425 841/841/425
f 842/842/425 841/841/425 848/848/425
f 842/1/1 846/1/1 844/1/1
f 842/1/1 848/1/1 846/1/1
f 849/849/426 850/850/426 851/851/426
f 852/852/426 851/851/426 850/850/426
f 851/851/427 852/852/427 853/853/427
f 854/854/427 853/853/427 852/852/427
f 853/853/428 854/854/428 855/855/428
f 856/856/428 855/855/428 854/854/428
f 855/855/429 856/856/429 849/849/429
f 850/850/429 849/849/429 856/856/429
f 850/1/1 854/1/1 852/1/1
f 850/1/1 856/1/1 854/1/1
f 857/857/430 858/858/430 859/859/430
f 860/860/430 859/859/430 858/858/430
f 859/859/431 860/860/431 861/861/431
f 862/862/431 861/861/431 860/860/431
f 861/861/432 862/862/432 863/863/432
f 864/864/432 863/863/432 862/862/432
f 863/863/433 864/864/433 857/857/433
f 858/858/433 857/857/433 864/864/433
f 858/1/1 862/1/1 860/1/1
f 858/1/1 864/1/1 862/1/1
f 865/865/434 866/866/434 867/867/434
f 868/868/434 867/867/434 866/866/434
f 867/867/435 868/868/435 869/869/435
f 870/870/435 869/869/435 868/868/435
f 869/869/436 870/870/436 871/871/436
f 872/872/436 871/871/436 870/870/436
f 871/871/437 872/872/437 865/865/437
f 866/866/437 865/865/437 872/872/437
f 866/1/1 870/1/1 868/1/1
f 866/1/1 872/1/1 870/1/1
f 873/873/438 874/874/438 875/875/438
f 876/876/438 875/875/438 874/874/438
f 875/875/439 876/876/439 877/877/439
f 878/878/439 877/877/439 876/876/439
f 877/877/440 878/878/440 879/879/440
f 880/880/440 879/879/440 878/878/440
f 879/879/441 880/880/441 873/873/441
f 874/874/441 873/873/441 880/880/441
f 874/1/1 878/1/1 876/1/1
f 874/1/1 880/1/1 878/1/1
f 881/881/442 882/882/442 883/883/442
f 884/884/442 883/883/442 882/882/442
f 883/883/443 884/884/443 885/885/443
f 886/886/443 885/885/443 884/884/443
f 885/885/444 886/886/444 887/887/444
f 888/888/444 887/887/444 886/886/444
f 887/887/445 888/888/445 881/881/445
f 882/882/445 881/881/445 888/888/445
f 882/1/1 886/1/1 884/1/1
f 882/1/1 888/1/1 886/1/1
f 889/889/446 890/890/446 891/891/446
f 892/892/446 891/891/446 890/890/446
f 891/891/447 892/892/447 893/893/447
f 894/894/447 893/893/447 892/892/447
f 893/893/448 894/894/448 895/895/448
f 896/896/448 895/895/448 894/894/448
f 895/895/449 896/896/449 889/889/449
f 890/890/449 889/889/449 896/896/449
f 890/1/1 894/1/1 892/1/1
f 890/1/1 896/1/1 894/1/1
f 897/897/450 898/898/450 899/899/450
f 900/900/450 899/899/450 898/898/450
f 899/899/451 900/900/451 901/901/451
f 902/902/451 901/901/451 900/900/451
f 901/901/452 902/902/452 903/903/452
f 904/904/452 903/903/452 902/902/452
f 903/903/453 904/904/453 897/897/453
f 898/898/453 897/897/453 904/904/453
f 898/1/1 902/1/1 900/1/1
f 898/1/1 904/1/1 902/1/1
f 905/905/454 906/906/454 907/907/454
f 908/908/454 907/907/454 906/906/454
f 907/907/455 908/908/455 909/909/455
f 910/910/455 909/909/455 908/908/455
f 909/909/456 910/910/456 911/911/456
f 912/912/456 911/911/456 910/910/456
f 911/911/457 912/912/457 905/905/457
f 906/906/457 905/905/457 912/912/457
f 906/1/1 910/1/1 908/1/1
f 906/1/1 912/1/1 910/1/1
f 913/913/458 914/914/458 915/915/458
f 916/916/458 915/915/458 914/914/458
f 915/915/459 916/916/459 917/917/459
f 918/918/459 917/917/459 916/916/459
f 917/917/460 918/918/460 919/919/460
f 920/920/460 919/919/460 918/918/460
f 919/919/461 920/920/461 913/913/461
f 914/914/461 913/913/461 920/920/461
f 914/1/1 918/1/1 916/1/1
f 914/1/1 920/1/1 918/1/1
f 921/921/462 922/922/462 923/923/462
f 924/924/462 923/923/462 922/922/462
f 923/923/463 924/924/463 925/925/463
f 926/926/463 925/925/463 924/924/463
f 925/925/464 926/926/464 927/927/464
f 928/928/464 927/927/464 926/926/464
f 927/927/465 928/928/465 921/921/465
f 922/922/465 921/921/465 928/928/465
f 922/1/1 926/1/1 924/1/1
f 922/1/1 928/1/1 926/1/1
f 929/929/466 930/930/466 931/931/466
f 932/932/466 931/931/466 930/930/466
f 931/931/467 932/932/467 933/933/467
f 934/934/467 933/933/467 932/932/467
f 933/933/468 934/934/468 935/935/468
f 936/936/468 935/935/468 934/934/468
f 935/935/469 936/936/469 929/929/469
f 930/930/469 929/929/469 936/936/469
f 930/1/1 934/1/1 932/1/1
f 930/1/1 936/1/1 934/1/1
f 937/937/470 938/938/470 939/939/470
f 940/940/470 939/939/470 938/938/470
f 939/939/471 940/940/471 941/941/471
f 942/942/471 941/941/471 940/940/471
f 941/941/472 942/942/472 943/943/472
f 944/944/472 943/943/472 942/942/472
f 943/943/473 944/944/473 937/937/473
f 938/938/473 937/937/473 944/944/473
f 938/1/1 942/1/1 940/1/1
f 938/1/1 944/1/1 942/1/1
f 945/945/474 946/946/474 947/947/474
f 948/948/474 947/947/474 946/946/474
f 947/947/475 948/948/475 949/949/475
f 950/950/475 949/949/475 948/948/475
f 949/949/476 950/950/476 951/951/476
f 952/952/476 951/951/476 950/950/476
f 951/951/477 952/952/477 945/945/477
f 946/946/477 945/945/477 952/952/477
f 946/1/1 950/1/1 948/1/1
f 946/1/1 952/1/1 950/1/1
f 953/953/478 954/954/478 955/955/478
f 956/956/478 955/955/478 954/954/478
f 955/955/479 956/956/479 957/957/479
f 958/958/479 957/957/479 956/956/479
f 957/957/480 958/958/480 959/959/480
f 960/960/480 959/959/480 958/958/480
f 959/959/481 960/960/481 953/953/481
f 954/954/481 953/953/481 960/960/481
f 954/1/1 958/1/1 956/1/1
f 954/1/1 960/1/1 958/1/1
f 961/961/482 962/962/482 963/963/482
f 964/964/482 963/963/482 962/962/482
f 963/963/483 964/964/483 965/965/483
f 966/966/483 965/965/483 964/964/483
f 965/965/484 966/966/484 967/967/484
f 968/968/484 967/967/484 966/966/484
f 967/967/485 968/968/485 961/961/485
f 962/962/485 961/961/485 968/968/485
f 962/1/1 966/1/1 964/1/1
f 962/1/1 968/1/1 966/1/1
f 969/969/486 970/970/486 971/971/486
f 972/972/486 971/971/486 970/970/486
f 971/971/487 972/972/487 973/973/487
f 974/974/487 973/973/487 972/972/487
f 973/973/488 974/974/488 975/975/488
f 976/976/488 975/975/488 974/974/488
f 975/975/489 976/976/489 969/969/489
f 970/970/489 969/969/489 976/976/489
f 970/1/1 974/1/1 972/1/1
f 970/1/1 976/1/1 974/1/1
f 977/977/490 978/978/490 979/979/490
f 980/980/490 979/979/490 978/978/490
f 979/979/491 980/980/491 981/981/491
f 982/982/491 981/981/491 980/980/491
f 981/981/492 982/982/492 983/983/492
f 984/984/492 983/983/492 982/982/492
f 983/983/493 984/984/493 977/977/493
f 978/978/493 977/977/493 984/984/493
f 978/1/1 982/1/1 980/1/1
f 978/1/1 984/1/1 982/1/1
f 985/985/494 986/986/494 987/987/494
f 988/988/494 987/987/494 986/986/494
f 987/987/495 988/988/495 989/989/495
f 990/990/495 989/989/495 988/988/495
f 989/989/496 990/990/496 991/991/496
f 992/992/496 991/991/496 990/990/496
f 991/991/497 992/992/497 985/985/497
f 986/986/497 985/985/497 992/992/497
f 986/1/1 990/1/1 988/1/1
f 986/1/1 992/1/1 990/1/1
f 993/993/498 994/994/498 995/995/498
f 996/996/498 995/995/498 994/994/498
f 995/995/499 996/996/499 997/997/499
f 998/998/499 997/997/499 996/996/499
f 997/997/500 998/998/500 999/999/500
f 1000/1000/500 999/999/500 998/998/500
f 999/999/501 1000/1000/501 993/993/501
f 994/994/501 993/993/501 1000/1000/501
f 994/1/1 998/1/1 996/1/1
f 994/1/1 1000/1/1 998/1/1
f 1001/1001/502 1002/1002/502 1003/1003/502
f 1004/1004/502 1003/1003/502 1002/1002/502
f 1003/1003/503 1004/1004/503 1005/1005/503
f 1006/1006/503 1005/1005/503 1004/1004/503
f 1005/1005/504 1006/1006/504 1007/1007/504
f 1008/1008/504 1007/1007/504 1006/1006/504
f 1007/1007/505 1008/1008/505 1001/1001/505
f 1002/1002/505 1001/1001/505 1008/1008/505
f 1002/1/1 1006/1/1 1004/1/1
f 1002/1/1 1008/1/1 1006/1/1
f 1009/1009/506 1010/1010/506 1011/1011/506
f 1012/1012/506 1011/1011/506 1010/1010/506
f 1011/1011/507 1012/1012/507 1013/1013/507
f 1014/1014/507 1013/1013/507 1012/1012/507
f 1013/1013/508 1014/1014/508 1015/1015/508
f 1016/1016/508 1015/1015/508 1014/1014/508
f 1015/1015/509 1016/1016/509 1009/1009/509
f 1010/1010/509 1009/1009/509 1016/1016/509
f 1010/1/1 1014/1/1 1012/1/1
f 1010/1/1 1016/1/1 1014/1/1
f 1017/1017/510 1018/1018/510 1019/1019/510
f 1020/1020/510 1019/1019/510 1018/1018/510
f 1019/1019/511 1020/1020/511 1021/1021/511
f 1022/1022/511 1021/1021/511 1020/1020/511
f 1021/1021/512 1022/1022/512 1023/1023/512
f 1024/1024/512 1023/1023/512 1022/1022/512
f 1023/1023/513 1024/1024/513 1017/1017/513
f 1018/1018/513 1017/1017/513 1024/1024/513
f 1018/1/1 1022/1/1 1020/1/1
f 1018/1/1 1024/1/1 1022/1/1
f 1025/1025/514 1026/1026/514 1027/1027/514
f 1028/1028/514 1027/1027/514 1026/1026/514
f 1027/1027/515 1028/1028/515 1029/1029/515
f 1030/1030/515 1029/1029/515 1028/1028/515
f 1029/1029/516 1030/1030/516 1031/1031/516
f 1032/1032/516 1031/1031/516 1030/1030/516
f 1031/1031/517 1032/1032/517 1025/1025/517
f 1026/1026/517 1025/1025/517 1032/1032/517
f 1026/1/1 1030/1/1 1028/1/1
f 1026/1/1 1032/1/1 1030/1/1
f 1033/1033/518 1034/1034/518 1035/1035/518
f 1036/1036/518 1035/1035/518 1034/1034/518
f 1035/1035/519 1036/1036/519 1037/1037/519
f 1038/1038/519 1037/1037/519 1036/1036/519
f 1037/1037/520 1038/1038/520 1039/1039/520
f 1040/1040/520 1039/1039/520 1038/1038/520
f 1039/1039/521 1040/1040/521 1033/1033/521
f 1034/1034/521 1033/1033/521 1040/1040/521
f 1034/1/1 1038/1/1 1036/1/1
f 1034/1/1 1040/1/1 1038/1/1
f 1041/1041/522 1042/1042/522 1043/1043/522
f 1044/1044/522 1043/1043/522 1042/1042/522
f 1043/1043/523 1044/1044/523 1045/1045/523
f 1046/1046/523 1045/1045/523 1044/1044/523
f 1045/1045/524 1046/1046/524 1047/1047/524
f 1048/1048/524 1047/1047/524 1046/1046/524
f 1047/1047/525 1048/1048/525 1041/1041/525
f 1042/1042/525 1041/1041/525 1048/1048/525
f 1042/1/1 1046/1/1 1044/1/1
f 1042/1/1 1048/1/1 1046/1/1
f 1049/1049/526 1050/1050/526 1051/1051/526
f 1052/1052/526 1051/1051/526 1050/1050/526
f 1051/1051/527 1052/1052/527 1053/1053/527
f 1054/1054/527 1053/1053/527 1052/1052/527
f 1053/1053/528 1054/1054/528 1055/1055/528
f 1056/1056/528 1055/1055/528 1054/1054/528
f 1055/1055/529 1056/1056/529 1049/1049/529
f 1050/1050/529 1049/1049/529 1056/1056/529
f 1050/1/1 1054/1/1 1052/1/1
f 1050/1/1 1056/1/1 1054/1/1
